Usage_ID,Subscription_ID,Month,Data_Used_GB,Voice_Used_Min,SMS_Used,Extra_Charges,Peak_Hour_Usage_Percent,Avg_Speed_Mbps,Network_Type,Region,Customer_Satisfaction
USG000001,SUB000001,2024-07-01,45.59,170,49,0.0,59.1,1.0,Fiber,North,5
USG000002,SUB000002,2025-09-01,246.07,207,115,0.0,34.7,50.0,4G,West,2
USG000003,SUB000003,2023-08-01,167.6,0,0,0.0,64.3,500.0,Fiber,West,3
USG000004,SUB000004,2024-05-01,212.34,0,33,0.0,45.9,300.0,5G,Central,1
USG000005,SUB000005,2023-07-01,194.48,0,0,0.0,40.6,500.0,5G,South,5
USG000006,SUB000006,2021-11-01,210.47,35,61,0.0,50.7,87.6,4G,West,4
USG000007,SUB000007,2023-12-01,203.7,0,83,0.0,30.5,1000.0,5G,South,2
USG000008,SUB000008,2024-06-01,241.48,78,40,0.0,77.8,500.0,4G,South,2
USG000009,SUB000009,2025-09-01,358.9,60,248,0.0,81.4,500.0,5G,Central,2
USG000010,SUB000010,2023-07-01,12.47,249,45,4.94,44.7,1000.0,5G,North,4
USG000011,SUB000011,2024-06-01,243.67,0,92,0.0,56.1,25.0,4G,South,3
USG000012,SUB000012,2024-04-01,46.72,121,109,0.0,96.4,69.4,Fiber,East,3
USG000013,SUB000013,2023-09-01,114.13,0,375,0.0,73.0,50.0,5G,East,1
USG000014,SUB000014,2023-03-01,0.0,47,155,0.0,60.0,24.8,Fiber,Central,5
USG000015,SUB000015,2024-09-01,152.25,33,0,0.0,58.5,50.0,Fiber,West,5
USG000016,SUB000016,2022-10-01,161.02,0,18,0.0,37.1,100.0,4G,West,4
USG000017,SUB000017,2022-12-01,0.0,0,89,0.0,87.4,500.0,4G,North,1
USG000018,SUB000018,2024-02-01,61.0,0,80,0.0,41.4,200.0,4G,East,2
USG000019,SUB000019,2025-07-01,54.39,0,103,0.0,32.8,144.7,4G,West,5
USG000020,SUB000020,2025-09-01,85.9,238,10,0.0,64.6,92.1,Fiber,Central,2
USG000021,SUB000021,2023-03-01,96.52,99,0,0.0,94.9,94.2,5G,South,5
USG000022,SUB000022,2021-09-01,377.31,210,261,0.0,64.8,50.0,5G,South,4
USG000023,SUB000023,2022-04-01,132.75,28,174,0.0,58.4,1.0,Fiber,West,5
USG000024,SUB000024,2023-03-01,148.35,115,15,0.0,67.4,120.4,5G,East,4
USG000025,SUB000025,2025-08-01,79.33,58,35,0.0,88.4,500.0,4G,East,3
USG000026,SUB000026,2022-05-01,329.69,32,0,0.0,69.9,300.0,Fiber,North,5
USG000027,SUB000027,2023-08-01,28.21,39,42,0.0,75.5,25.0,Fiber,South,2
USG000028,SUB000028,2023-08-01,68.86,198,0,0.0,64.3,1000.0,Fiber,South,5
USG000029,SUB000029,2024-12-01,77.34,141,0,0.0,61.7,10.0,4G,West,4
USG000030,SUB000030,2024-06-01,34.62,618,103,49.24,32.8,100.0,4G,East,4
USG000031,SUB000031,2023-04-01,180.06,39,77,0.0,92.7,50.0,5G,North,1
USG000032,SUB000032,2025-01-01,154.46,0,169,0.0,75.0,500.0,5G,West,3
USG000033,SUB000033,2024-01-01,0.0,31,160,0.0,26.4,1000.0,4G,West,5
USG000034,SUB000034,2025-01-01,184.97,52,0,0.0,83.6,500.0,Fiber,Central,1
USG000035,SUB000035,2024-03-01,265.39,51,225,520.78,40.1,10.0,5G,South,1
USG000036,SUB000036,2022-09-01,136.39,48,27,262.78,45.7,10.0,5G,North,5
USG000037,SUB000037,2023-08-01,161.52,213,128,0.0,75.9,1000.0,5G,East,2
USG000038,SUB000038,2022-08-01,48.2,0,0,0.0,61.6,300.0,5G,South,2
USG000039,SUB000039,2020-09-01,13.08,0,0,0.0,74.7,300.0,4G,West,3
USG000040,SUB000040,2025-01-01,19.87,50,67,0.0,100.0,300.0,5G,South,1
USG000041,SUB000041,2022-12-01,34.69,175,21,0.0,65.4,1000.0,Fiber,West,5
USG000042,SUB000042,2025-05-01,375.69,209,0,0.0,65.4,500.0,Fiber,South,1
USG000043,SUB000043,2025-06-01,64.81,411,64,0.0,59.3,112.7,5G,South,5
USG000044,SUB000044,2021-07-01,7.22,20,98,0.0,62.1,50.0,Fiber,North,1
USG000045,SUB000045,2021-10-01,0.0,342,345,0.0,80.9,10.0,5G,Central,4
USG000046,SUB000046,2025-02-01,172.2,114,0,0.0,97.9,50.3,Fiber,East,2
USG000047,SUB000047,2024-05-01,175.92,144,268,0.0,22.4,84.2,4G,North,5
USG000048,SUB000048,2025-08-01,34.06,159,19,0.0,50.2,50.0,5G,East,3
USG000049,SUB000049,2025-06-01,21.12,360,121,0.0,94.5,300.0,Fiber,West,4
USG000050,SUB000050,2025-07-01,204.85,106,133,0.0,28.1,500.0,4G,Central,4
USG000051,SUB000051,2025-02-01,192.93,149,0,0.0,57.5,115.7,4G,West,4
USG000052,SUB000052,2025-09-01,223.24,0,0,426.48,67.7,1000.0,4G,Central,4
USG000053,SUB000053,2023-12-01,0.0,355,0,0.0,76.6,5.4,5G,West,1
USG000054,SUB000054,2024-12-01,174.52,83,0,0.0,79.5,92.2,4G,South,3
USG000055,SUB000055,2025-10-01,49.26,193,0,0.0,42.6,109.2,5G,Central,5
USG000056,SUB000056,2025-04-01,224.82,39,33,0.0,32.4,1000.0,5G,East,4
USG000057,SUB000057,2025-03-01,31.01,494,0,42.02,100.0,50.0,Fiber,East,3
USG000058,SUB000058,2025-09-01,208.84,101,0,0.0,76.1,1000.0,5G,East,3
USG000059,SUB000059,2022-10-01,0.0,106,63,0.0,60.5,1000.0,5G,East,4
USG000060,SUB000060,2025-08-01,175.51,61,0,0.0,39.3,50.0,Fiber,North,5
USG000061,SUB000061,2022-08-01,143.11,109,0,0.0,59.2,100.0,5G,Central,4
USG000062,SUB000062,2023-12-01,202.26,0,0,0.0,72.4,45.3,4G,East,2
USG000063,SUB000063,2023-12-01,261.58,114,66,0.0,48.2,34.7,4G,North,1
USG000064,SUB000064,2024-08-01,238.71,64,65,0.0,42.9,45.7,5G,North,5
USG000065,SUB000065,2021-02-01,53.07,117,34,0.0,41.1,300.0,4G,South,2
USG000066,SUB000066,2024-09-01,0.0,181,0,0.0,73.8,25.0,5G,North,1
USG000067,SUB000067,2024-02-01,15.16,405,0,0.0,87.2,50.0,Fiber,Central,5
USG000068,SUB000068,2025-02-01,336.95,133,35,0.0,74.9,300.0,4G,South,5
USG000069,SUB000069,2023-08-01,173.38,1,0,0.0,75.9,300.0,Fiber,East,5
USG000070,SUB000070,2025-09-01,151.03,146,152,0.0,80.2,500.0,5G,South,2
USG000071,SUB000071,2025-06-01,0.0,573,45,0.0,80.6,100.0,Fiber,Central,3
USG000072,SUB000072,2025-03-01,150.62,0,0,0.0,80.4,65.2,Fiber,West,2
USG000073,SUB000073,2025-07-01,34.19,194,190,0.0,46.9,100.0,Fiber,West,4
USG000074,SUB000074,2025-06-01,82.32,0,13,0.0,86.5,118.5,4G,Central,1
USG000075,SUB000075,2025-08-01,378.91,56,0,0.0,47.4,200.0,4G,West,4
USG000076,SUB000076,2022-07-01,126.33,39,78,0.0,46.1,97.9,4G,East,2
USG000077,SUB000077,2024-07-01,273.91,0,88,0.0,59.9,25.0,5G,East,5
USG000078,SUB000078,2024-04-01,295.16,0,120,0.0,64.6,1000.0,4G,Central,1
USG000079,SUB000079,2022-09-01,315.95,198,166,0.0,50.3,9.8,Fiber,West,3
USG000080,SUB000080,2025-09-01,0.0,0,311,0.0,37.3,1000.0,4G,West,3
USG000081,SUB000081,2023-12-01,0.0,172,0,0.0,65.9,300.0,4G,Central,2
USG000082,SUB000082,2025-04-01,346.99,61,104,0.0,38.1,500.0,4G,North,3
USG000083,SUB000083,2024-03-01,238.65,164,32,0.0,35.8,1.0,5G,East,4
USG000084,SUB000084,2025-04-01,155.13,0,0,0.0,31.2,1.0,5G,North,3
USG000085,SUB000085,2023-12-01,30.09,434,0,40.18,63.3,300.0,4G,Central,2
USG000086,SUB000086,2025-02-01,179.16,126,220,0.0,34.7,100.0,5G,North,3
USG000087,SUB000087,2022-10-01,209.71,89,156,0.0,58.7,50.0,Fiber,East,1
USG000088,SUB000088,2025-03-01,169.24,131,0,0.0,100.0,1000.0,5G,Central,2
USG000089,SUB000089,2021-09-01,121.3,292,129,42.6,80.8,1000.0,Fiber,Central,5
USG000090,SUB000090,2025-06-01,236.34,43,0,0.0,30.5,25.0,Fiber,East,5
USG000091,SUB000091,2025-06-01,84.84,241,0,0.0,58.0,300.0,4G,West,1
USG000092,SUB000092,2025-06-01,182.69,32,131,0.0,48.2,300.0,Fiber,North,1
USG000093,SUB000093,2021-05-01,83.76,0,65,0.0,36.1,1000.0,5G,East,4
USG000094,SUB000094,2023-12-01,11.38,77,0,0.0,55.4,101.0,Fiber,South,3
USG000095,SUB000095,2025-05-01,203.76,103,68,0.0,30.2,300.0,4G,North,2
USG000096,SUB000096,2024-06-01,21.37,293,0,2.74,73.0,300.0,5G,Central,2
USG000097,SUB000097,2023-11-01,99.93,273,18,0.0,38.9,50.6,5G,Central,1
USG000098,SUB000098,2021-09-01,234.75,43,0,269.5,100.0,100.0,4G,North,5
USG000099,SUB000099,2025-02-01,129.69,0,54,0.0,64.8,1000.0,4G,South,3
USG000100,SUB000100,2024-07-01,46.4,35,0,0.0,54.9,50.0,4G,North,3
USG000101,SUB000101,2025-10-01,158.1,32,0,0.0,40.3,100.0,5G,South,5
USG000102,SUB000102,2024-03-01,159.91,17,0,0.0,78.0,79.6,5G,North,3
USG000103,SUB000103,2024-08-01,11.62,106,188,0.0,59.1,50.0,4G,East,5
USG000104,SUB000104,2023-06-01,90.59,0,206,0.0,61.8,200.0,5G,East,3
USG000105,SUB000105,2025-09-01,0.0,37,109,0.0,71.8,10.5,Fiber,North,3
USG000106,SUB000106,2021-05-01,217.26,92,58,0.0,80.3,25.0,4G,Central,2
USG000107,SUB000107,2025-09-01,0.0,157,35,0.0,100.0,25.0,Fiber,West,2
USG000108,SUB000108,2023-09-01,50.71,384,71,1.42,78.1,100.0,Fiber,Central,2
USG000109,SUB000109,2025-08-01,109.41,0,0,208.82,68.4,10.0,4G,North,5
USG000110,SUB000110,2022-09-01,77.26,0,47,0.0,50.4,300.0,5G,South,4
USG000111,SUB000111,2021-08-01,158.04,124,208,0.0,73.7,1000.0,5G,East,3
USG000112,SUB000112,2024-02-01,247.72,0,0,0.0,17.8,300.0,Fiber,South,3
USG000113,SUB000113,2024-05-01,19.36,379,0,18.72,71.2,10.0,5G,East,5
USG000114,SUB000114,2024-09-01,54.96,450,3,0.0,94.9,10.0,5G,West,5
USG000115,SUB000115,2025-09-01,190.29,51,71,0.0,59.6,135.3,5G,South,3
USG000116,SUB000116,2023-10-01,81.59,0,0,0.0,50.4,300.0,5G,North,4
USG000117,SUB000117,2024-07-01,27.56,139,48,15.12,61.1,10.0,Fiber,South,2
USG000118,SUB000118,2025-04-01,104.75,163,124,0.0,48.2,29.6,Fiber,East,4
USG000119,SUB000119,2024-02-01,245.25,0,10,0.0,73.4,300.0,5G,West,5
USG000120,SUB000120,2025-05-01,309.32,193,247,0.0,42.6,300.0,Fiber,East,2
USG000121,SUB000121,2023-09-01,97.14,177,128,0.0,40.9,95.2,4G,Central,3
USG000122,SUB000122,2025-06-01,83.4,451,145,0.0,67.1,10.0,Fiber,Central,5
USG000123,SUB000123,2024-07-01,0.0,393,312,0.0,21.0,100.0,5G,South,4
USG000124,SUB000124,2023-08-01,196.13,164,7,0.0,31.2,1000.0,Fiber,South,5
USG000125,SUB000125,2024-05-01,0.0,140,189,0.0,62.6,67.3,Fiber,West,4
USG000126,SUB000126,2024-12-01,65.37,83,0,0.0,100.0,300.0,4G,Central,3
USG000127,SUB000127,2024-04-01,166.57,0,0,233.14,61.0,10.0,5G,East,5
USG000128,SUB000128,2024-02-01,181.63,0,145,0.0,80.1,53.9,5G,Central,5
USG000129,SUB000129,2023-12-01,234.67,97,0,0.0,62.6,25.0,5G,South,3
USG000130,SUB000130,2025-05-01,189.16,213,164,0.0,49.0,33.1,5G,West,3
USG000131,SUB000131,2025-07-01,141.68,35,0,0.0,36.6,25.0,4G,North,5
USG000132,SUB000132,2025-06-01,159.85,143,50,0.0,58.8,500.0,5G,South,2
USG000133,SUB000133,2021-12-01,0.0,157,0,0.0,79.2,300.0,4G,East,3
USG000134,SUB000134,2024-06-01,147.45,0,0,0.0,95.3,52.4,5G,South,2
USG000135,SUB000135,2023-11-01,183.14,0,124,0.0,33.5,16.7,Fiber,East,4
USG000136,SUB000136,2023-04-01,177.1,87,0,0.0,81.2,85.4,4G,West,3
USG000137,SUB000137,2025-05-01,74.42,0,0,0.0,48.3,300.0,4G,West,2
USG000138,SUB000138,2025-03-01,93.61,11,65,0.0,71.3,47.2,Fiber,North,4
USG000139,SUB000139,2022-11-01,122.88,78,151,225.76,51.1,1000.0,Fiber,East,3
USG000140,SUB000140,2021-10-01,72.01,70,163,0.0,57.0,100.0,4G,East,4
USG000141,SUB000141,2025-06-01,93.4,3,0,0.0,59.9,100.0,Fiber,North,2
USG000142,SUB000142,2025-03-01,438.49,0,176,0.0,58.2,1000.0,4G,North,3
USG000143,SUB000143,2024-01-01,199.92,0,72,0.0,74.9,44.4,4G,North,4
USG000144,SUB000144,2025-08-01,140.25,186,0,0.0,54.8,3.5,4G,Central,4
USG000145,SUB000145,2020-01-01,18.19,395,171,0.0,44.6,50.0,4G,North,5
USG000146,SUB000146,2021-11-01,0.0,553,0,0.0,56.8,300.0,4G,Central,3
USG000147,SUB000147,2025-08-01,194.22,52,0,0.0,94.8,85.3,4G,Central,4
USG000148,SUB000148,2024-12-01,48.87,272,207,0.0,52.3,10.0,5G,West,3
USG000149,SUB000149,2025-07-01,171.75,23,17,0.0,53.0,300.0,Fiber,Central,5
USG000150,SUB000150,2025-10-01,27.95,50,70,0.0,45.5,67.1,4G,North,4
USG000151,SUB000151,2022-06-01,133.32,274,217,0.0,48.4,1000.0,4G,Central,5
USG000152,SUB000152,2025-08-01,209.67,106,0,0.0,55.0,50.0,Fiber,East,3
USG000153,SUB000153,2021-11-01,24.73,89,185,29.46,59.9,100.0,4G,North,3
USG000154,SUB000154,2024-08-01,244.86,234,14,0.0,66.6,103.3,Fiber,West,4
USG000155,SUB000155,2025-09-01,0.0,282,62,0.0,19.1,10.0,5G,East,1
USG000156,SUB000156,2024-10-01,302.81,200,0,0.0,72.1,68.8,Fiber,East,1
USG000157,SUB000157,2022-10-01,98.58,0,76,0.0,42.4,300.0,5G,South,5
USG000158,SUB000158,2025-09-01,73.75,18,129,0.0,66.4,67.1,4G,South,3
USG000159,SUB000159,2024-04-01,64.03,177,0,0.0,67.2,100.0,5G,North,2
USG000160,SUB000160,2023-06-01,118.22,0,55,0.0,58.0,300.0,Fiber,West,3
USG000161,SUB000161,2023-12-01,218.43,102,278,0.0,91.3,25.0,4G,South,1
USG000162,SUB000162,2022-11-01,277.21,0,0,0.0,75.5,52.9,4G,North,3
USG000163,SUB000163,2023-06-01,66.62,192,0,0.0,50.2,50.0,4G,North,5
USG000164,SUB000164,2022-07-01,3.05,141,243,0.0,73.9,1000.0,5G,West,2
USG000165,SUB000165,2022-11-01,122.3,89,175,0.0,57.8,300.0,Fiber,West,3
USG000166,SUB000166,2025-03-01,328.32,284,117,0.0,52.1,300.0,4G,South,5
USG000167,SUB000167,2025-08-01,222.06,0,97,0.0,86.7,50.0,4G,West,1
USG000168,SUB000168,2024-08-01,0.0,181,162,0.0,70.6,33.5,5G,West,3
USG000169,SUB000169,2022-12-01,25.42,0,0,0.0,86.0,10.0,Fiber,North,4
USG000170,SUB000170,2024-12-01,170.18,3,27,0.0,49.3,500.0,4G,South,4
USG000171,SUB000171,2025-05-01,0.0,217,181,0.0,41.1,300.0,4G,East,4
USG000172,SUB000172,2024-11-01,257.62,3,104,0.0,59.3,500.0,Fiber,West,1
USG000173,SUB000173,2023-07-01,164.0,104,69,0.0,37.2,100.0,5G,West,4
USG000174,SUB000174,2023-10-01,124.1,0,98,0.0,53.8,300.0,4G,Central,1
USG000175,SUB000175,2024-05-01,0.0,455,68,0.0,54.7,1000.0,Fiber,North,3
USG000176,SUB000176,2025-06-01,141.64,188,0,0.0,68.0,300.0,4G,West,4
USG000177,SUB000177,2025-07-01,0.0,0,164,0.0,64.5,25.2,Fiber,West,1
USG000178,SUB000178,2024-04-01,474.93,204,90,0.0,62.0,1000.0,Fiber,West,1
USG000179,SUB000179,2024-04-01,57.71,128,2,0.0,58.0,300.0,Fiber,North,2
USG000180,SUB000180,2024-05-01,320.74,21,0,0.0,77.5,300.0,4G,East,2
USG000181,SUB000181,2025-09-01,16.26,95,105,0.0,58.6,1.0,5G,North,4
USG000182,SUB000182,2025-02-01,314.38,165,0,0.0,63.3,200.0,4G,South,3
USG000183,SUB000183,2024-02-01,230.91,103,0,451.82,56.7,10.0,4G,West,3
USG000184,SUB000184,2022-11-01,29.48,0,183,0.0,44.0,300.0,5G,East,2
USG000185,SUB000185,2024-02-01,228.21,2,139,0.0,51.6,300.0,5G,South,2
USG000186,SUB000186,2022-09-01,278.55,68,10,0.0,87.5,25.0,5G,North,1
USG000187,SUB000187,2025-04-01,345.25,75,0,0.0,42.0,18.2,5G,South,2
USG000188,SUB000188,2022-06-01,25.21,659,12,40.42,100.0,10.0,5G,South,1
USG000189,SUB000189,2023-07-01,158.6,0,96,0.0,52.3,100.0,4G,West,4
USG000190,SUB000190,2023-11-01,366.86,0,82,0.0,76.1,25.0,Fiber,East,4
USG000191,SUB000191,2025-07-01,156.9,76,24,0.0,71.0,1000.0,4G,East,1
USG000192,SUB000192,2023-12-01,0.0,96,0,0.0,36.0,300.0,5G,Central,5
USG000193,SUB000193,2025-01-01,13.98,146,0,0.0,76.1,110.3,Fiber,East,2
USG000194,SUB000194,2024-11-01,307.41,104,116,0.0,27.6,500.0,4G,Central,3
USG000195,SUB000195,2024-03-01,27.63,175,0,0.0,44.2,93.0,4G,West,5
USG000196,SUB000196,2021-09-01,56.5,131,255,0.0,28.0,300.0,Fiber,West,1
USG000197,SUB000197,2021-12-01,383.04,72,48,0.0,49.2,1.0,5G,North,4
USG000198,SUB000198,2021-09-01,23.56,88,159,0.0,45.6,100.0,Fiber,South,4
USG000199,SUB000199,2023-05-01,210.18,0,89,0.0,44.8,1000.0,Fiber,South,4
USG000200,SUB000200,2025-06-01,132.51,172,0,0.0,57.4,500.0,Fiber,Central,2
USG000201,SUB000201,2022-12-01,16.72,0,0,0.0,95.9,1.0,5G,East,5
USG000202,SUB000202,2023-08-01,320.52,248,109,0.0,12.7,39.1,5G,South,3
USG000203,SUB000203,2025-07-01,151.93,110,0,0.0,76.5,21.4,Fiber,Central,1
USG000204,SUB000204,2023-12-01,117.35,0,39,0.0,70.8,1000.0,5G,West,4
USG000205,SUB000205,2025-01-01,0.0,149,0,0.0,83.8,300.0,Fiber,South,2
USG000206,SUB000206,2022-04-01,0.0,198,70,0.0,100.0,100.0,4G,West,2
USG000207,SUB000207,2023-10-01,260.29,130,199,0.0,52.4,56.2,5G,South,2
USG000208,SUB000208,2025-03-01,49.64,55,80,0.0,20.4,50.0,5G,North,1
USG000209,SUB000209,2025-04-01,82.59,184,389,0.0,57.5,24.8,5G,North,4
USG000210,SUB000210,2025-07-01,0.0,77,0,0.0,80.1,100.0,4G,East,2
USG000211,SUB000211,2025-09-01,0.0,29,113,0.0,39.3,59.1,Fiber,Central,3
USG000212,SUB000212,2025-10-01,68.77,185,69,0.0,60.5,300.0,Fiber,North,5
USG000213,SUB000213,2022-09-01,13.26,464,207,0.0,54.4,1000.0,4G,East,1
USG000214,SUB000214,2022-08-01,218.74,143,0,0.0,73.1,100.0,5G,East,4
USG000215,SUB000215,2023-04-01,52.3,121,0,0.0,49.5,25.0,Fiber,South,5
USG000216,SUB000216,2025-09-01,19.01,225,69,0.0,3.5,10.0,4G,Central,5
USG000217,SUB000217,2025-04-01,0.0,354,0,0.0,51.6,10.0,4G,North,1
USG000218,SUB000218,2025-08-01,281.06,101,178,0.0,87.4,1.0,5G,West,4
USG000219,SUB000219,2022-09-01,276.9,0,51,0.0,66.9,1.0,4G,South,5
USG000220,SUB000220,2021-12-01,93.21,0,50,0.0,58.8,1000.0,5G,North,2
USG000221,SUB000221,2025-10-01,0.0,32,50,0.0,69.4,50.0,Fiber,East,1
USG000222,SUB000222,2023-05-01,134.25,343,249,168.5,56.1,50.0,4G,Central,1
USG000223,SUB000223,2023-08-01,65.3,46,108,120.6,22.8,300.0,Fiber,West,1
USG000224,SUB000224,2024-09-01,225.03,116,189,0.0,55.2,300.0,Fiber,East,2
USG000225,SUB000225,2024-11-01,21.42,67,0,32.84,50.3,300.0,5G,South,2
USG000226,SUB000226,2025-10-01,91.97,524,45,173.94,79.2,10.0,5G,East,4
USG000227,SUB000227,2023-06-01,26.56,0,119,0.0,64.7,500.0,4G,Central,1
USG000228,SUB000228,2022-06-01,90.77,345,0,0.0,51.0,300.0,5G,Central,1
USG000229,SUB000229,2024-03-01,166.45,0,0,0.0,45.9,300.0,5G,East,2
USG000230,SUB000230,2022-02-01,58.31,126,0,0.0,90.1,1000.0,4G,East,1
USG000231,SUB000231,2023-08-01,333.24,0,88,0.0,54.7,100.0,4G,South,3
USG000232,SUB000232,2023-03-01,211.62,100,186,0.0,31.3,50.0,5G,South,3
USG000233,SUB000233,2023-12-01,82.92,82,194,65.84,45.8,50.0,Fiber,West,2
USG000234,SUB000234,2024-08-01,17.52,0,0,0.0,70.2,50.0,4G,North,1
USG000235,SUB000235,2025-04-01,31.47,325,256,52.94,93.0,50.0,Fiber,West,2
USG000236,SUB000236,2025-10-01,272.31,63,152,0.0,32.9,73.9,Fiber,North,2
USG000237,SUB000237,2025-09-01,150.84,187,0,0.0,91.6,500.0,5G,South,2
USG000238,SUB000238,2023-04-01,0.0,421,165,0.0,38.4,100.0,4G,East,2
USG000239,SUB000239,2020-06-01,319.27,65,168,0.0,47.9,100.0,4G,South,1
USG000240,SUB000240,2024-11-01,52.83,202,0,0.0,64.9,300.0,5G,South,1
USG000241,SUB000241,2023-04-01,68.27,49,77,0.0,43.7,78.2,Fiber,West,3
USG000242,SUB000242,2025-05-01,211.84,180,0,0.0,52.4,100.0,4G,South,3
USG000243,SUB000243,2022-05-01,237.2,208,74,0.0,57.3,98.2,5G,South,4
USG000244,SUB000244,2023-10-01,90.12,150,0,170.24,62.9,100.0,4G,Central,3
USG000245,SUB000245,2024-09-01,0.0,0,0,0.0,55.5,1000.0,5G,South,5
USG000246,SUB000246,2023-07-01,0.0,80,0,0.0,76.6,100.0,5G,West,3
USG000247,SUB000247,2023-12-01,70.49,303,94,40.98,58.6,300.0,4G,South,4
USG000248,SUB000248,2025-10-01,177.7,133,25,0.0,33.5,70.2,Fiber,Central,3
USG000249,SUB000249,2023-11-01,27.64,290,96,15.28,50.7,300.0,5G,East,5
USG000250,SUB000250,2020-09-01,53.08,0,1,96.16,34.1,300.0,4G,East,2
USG000251,SUB000251,2024-09-01,0.0,50,10,0.0,36.2,6.9,4G,East,1
USG000252,SUB000252,2024-12-01,30.88,20,44,21.76,100.0,50.0,4G,West,5
USG000253,SUB000253,2023-11-01,277.74,173,0,0.0,92.7,45.9,Fiber,East,2
USG000254,SUB000254,2024-09-01,24.46,581,184,0.0,65.1,100.0,Fiber,East,1
USG000255,SUB000255,2025-08-01,52.1,165,72,84.2,51.7,1000.0,5G,South,5
USG000256,SUB000256,2024-07-01,0.0,417,0,0.0,59.5,100.0,4G,Central,5
USG000257,SUB000257,2024-01-01,25.16,8,146,0.0,9.0,71.2,5G,West,4
USG000258,SUB000258,2023-04-01,138.68,126,100,0.0,47.4,100.0,5G,West,1
USG000259,SUB000259,2022-01-01,270.41,109,0,500.82,77.1,50.0,4G,West,5
USG000260,SUB000260,2025-10-01,210.82,86,0,0.0,84.9,100.0,4G,Central,4
USG000261,SUB000261,2025-06-01,117.53,195,59,0.0,95.5,18.3,Fiber,West,2
USG000262,SUB000262,2025-04-01,60.85,169,0,0.0,26.5,300.0,Fiber,West,3
USG000263,SUB000263,2025-06-01,106.61,0,134,0.0,47.4,1.0,Fiber,West,5
USG000264,SUB000264,2023-03-01,195.73,0,57,0.0,53.5,1000.0,4G,West,3
USG000265,SUB000265,2025-02-01,11.61,118,50,13.22,67.8,10.0,4G,East,5
USG000266,SUB000266,2022-08-01,227.97,0,129,0.0,62.6,50.0,Fiber,West,1
USG000267,SUB000267,2025-03-01,176.16,87,0,0.0,64.0,200.0,Fiber,South,5
USG000268,SUB000268,2023-06-01,17.15,227,61,0.0,74.9,100.0,4G,East,3
USG000269,SUB000269,2021-02-01,74.41,133,9,0.0,32.1,54.0,Fiber,West,1
USG000270,SUB000270,2024-05-01,21.73,139,107,0.0,48.6,1000.0,Fiber,South,2
USG000271,SUB000271,2025-07-01,37.71,230,38,35.42,51.7,50.0,Fiber,North,2
USG000272,SUB000272,2024-09-01,166.47,2,74,0.0,86.8,76.1,4G,Central,4
USG000273,SUB000273,2021-10-01,343.04,0,129,0.0,65.5,52.9,5G,Central,1
USG000274,SUB000274,2025-07-01,0.0,170,247,0.0,77.3,100.0,5G,Central,3
USG000275,SUB000275,2020-08-01,0.0,250,0,0.0,62.2,68.1,5G,South,1
USG000276,SUB000276,2025-02-01,14.28,311,42,0.0,50.9,22.6,4G,East,1
USG000277,SUB000277,2022-06-01,5.52,403,0,0.0,47.5,100.0,Fiber,West,4
USG000278,SUB000278,2022-03-01,78.6,75,0,0.0,46.6,500.0,5G,Central,5
USG000279,SUB000279,2023-08-01,173.05,243,67,0.0,40.0,156.4,5G,Central,5
USG000280,SUB000280,2025-03-01,165.16,0,146,0.0,51.9,54.0,Fiber,South,1
USG000281,SUB000281,2024-09-01,367.47,17,131,0.0,83.2,300.0,5G,Central,1
USG000282,SUB000282,2025-02-01,336.19,91,0,0.0,44.2,300.0,Fiber,North,5
USG000283,SUB000283,2023-04-01,268.76,0,0,0.0,76.6,1000.0,Fiber,East,2
USG000284,SUB000284,2025-06-01,86.46,0,80,0.0,50.8,14.9,4G,South,3
USG000285,SUB000285,2024-12-01,104.44,29,86,0.0,59.8,100.0,5G,North,2
USG000286,SUB000286,2024-06-01,22.04,483,134,4.08,82.7,1000.0,5G,South,3
USG000287,SUB000287,2025-06-01,116.53,0,301,0.0,25.1,1000.0,4G,North,3
USG000288,SUB000288,2025-06-01,188.85,0,0,0.0,49.3,63.3,4G,South,2
USG000289,SUB000289,2024-05-01,111.97,381,0,23.94,58.3,100.0,Fiber,North,3
USG000290,SUB000290,2025-01-01,161.81,74,19,0.0,69.7,64.0,Fiber,Central,2
USG000291,SUB000291,2024-10-01,0.0,0,297,0.0,58.0,500.0,4G,North,4
USG000292,SUB000292,2023-03-01,60.07,101,63,0.0,68.2,51.4,4G,North,1
USG000293,SUB000293,2024-06-01,0.0,147,50,0.0,58.8,300.0,Fiber,East,1
USG000294,SUB000294,2025-03-01,30.23,313,4,40.46,53.7,300.0,Fiber,North,5
USG000295,SUB000295,2025-05-01,38.55,98,0,0.0,88.7,2.7,Fiber,Central,4
USG000296,SUB000296,2024-08-01,26.36,0,0,0.0,58.2,10.0,5G,East,4
USG000297,SUB000297,2025-08-01,0.0,24,73,0.0,53.6,44.1,4G,Central,3
USG000298,SUB000298,2025-02-01,297.63,82,191,0.0,47.8,29.6,5G,South,1
USG000299,SUB000299,2021-07-01,242.48,95,0,0.0,100.0,100.0,4G,West,3
USG000300,SUB000300,2025-06-01,216.89,70,63,0.0,75.0,1000.0,5G,North,4
USG000301,SUB000301,2024-11-01,208.58,215,68,0.0,12.3,1.0,Fiber,South,1
USG000302,SUB000302,2024-01-01,60.93,330,0,111.86,73.8,100.0,4G,East,5
USG000303,SUB000303,2024-06-01,90.21,94,159,160.42,59.7,10.0,Fiber,Central,3
USG000304,SUB000304,2025-07-01,131.84,0,0,163.68,54.7,10.0,5G,West,3
USG000305,SUB000305,2020-08-01,234.39,0,124,0.0,45.2,24.1,4G,East,5
USG000306,SUB000306,2023-09-01,156.71,111,0,0.0,62.6,25.0,5G,West,2
USG000307,SUB000307,2024-11-01,12.05,79,0,0.0,71.6,10.0,4G,Central,1
USG000308,SUB000308,2025-01-01,150.36,145,165,0.0,71.8,56.1,Fiber,East,2
USG000309,SUB000309,2024-06-01,53.58,36,100,87.16,65.8,50.0,Fiber,East,5
USG000310,SUB000310,2022-09-01,51.19,258,0,82.38,47.8,300.0,Fiber,South,2
USG000311,SUB000311,2025-10-01,0.0,20,119,0.0,27.5,47.4,Fiber,West,1
USG000312,SUB000312,2021-06-01,63.55,366,131,117.1,44.7,300.0,Fiber,North,3
USG000313,SUB000313,2025-09-01,101.91,0,0,0.0,24.8,1000.0,5G,East,1
USG000314,SUB000314,2025-09-01,133.04,294,0,226.08,69.9,1000.0,Fiber,West,1
USG000315,SUB000315,2025-06-01,0.0,317,0,0.0,44.3,1000.0,Fiber,South,5
USG000316,SUB000316,2024-03-01,0.0,188,0,0.0,53.1,300.0,4G,West,5
USG000317,SUB000317,2025-06-01,169.35,129,25,0.0,48.8,200.0,5G,North,4
USG000318,SUB000318,2025-10-01,85.56,226,98,0.0,75.4,34.9,5G,East,1
USG000319,SUB000319,2025-09-01,186.69,0,146,0.0,76.7,100.0,Fiber,East,4
USG000320,SUB000320,2025-10-01,158.49,147,262,0.0,53.0,100.0,4G,Central,4
USG000321,SUB000321,2024-05-01,146.89,336,164,273.78,31.6,1000.0,Fiber,West,3
USG000322,SUB000322,2024-03-01,26.82,14,105,0.0,72.0,88.9,5G,North,1
USG000323,SUB000323,2024-04-01,152.44,0,0,0.0,77.3,100.0,4G,East,5
USG000324,SUB000324,2025-05-01,125.85,0,99,0.0,80.6,117.8,4G,West,1
USG000325,SUB000325,2025-03-01,0.0,14,7,0.0,60.5,500.0,Fiber,East,3
USG000326,SUB000326,2023-12-01,43.34,537,54,46.68,41.8,1000.0,4G,South,3
USG000327,SUB000327,2025-09-01,86.55,115,0,0.0,14.8,16.6,5G,North,1
USG000328,SUB000328,2024-01-01,219.2,0,165,398.4,52.5,10.0,5G,North,3
USG000329,SUB000329,2025-06-01,31.64,251,0,23.28,61.3,10.0,Fiber,Central,5
USG000330,SUB000330,2025-08-01,226.3,218,0,0.0,89.9,22.2,Fiber,South,1
USG000331,SUB000331,2020-09-01,147.43,0,59,0.0,71.9,25.0,Fiber,West,3
USG000332,SUB000332,2022-11-01,18.73,295,178,0.0,61.9,10.0,5G,West,3
USG000333,SUB000333,2021-11-01,81.71,0,247,143.42,57.3,300.0,Fiber,Central,2
USG000334,SUB000334,2021-06-01,102.14,0,16,0.0,21.9,300.0,4G,East,1
USG000335,SUB000335,2025-02-01,239.77,0,124,439.54,71.4,100.0,5G,North,4
USG000336,SUB000336,2022-11-01,17.24,14,43,0.0,24.0,100.0,4G,East,4
USG000337,SUB000337,2023-01-01,55.5,207,0,0.0,40.4,100.0,Fiber,West,3
USG000338,SUB000338,2024-07-01,147.12,134,141,0.0,29.9,61.2,Fiber,Central,3
USG000339,SUB000339,2025-08-01,115.74,146,50,0.0,56.8,300.0,5G,Central,4
USG000340,SUB000340,2024-11-01,296.94,122,239,0.0,39.4,62.1,Fiber,East,1
USG000341,SUB000341,2025-10-01,18.56,248,2,0.0,33.9,10.0,5G,North,5
USG000342,SUB000342,2021-03-01,365.06,157,125,0.0,46.0,100.0,5G,West,4
USG000343,SUB000343,2023-07-01,312.99,42,0,0.0,56.3,100.0,5G,North,5
USG000344,SUB000344,2024-03-01,493.41,149,202,0.0,59.4,1000.0,4G,East,4
USG000345,SUB000345,2025-06-01,209.06,44,0,0.0,59.6,35.5,5G,Central,3
USG000346,SUB000346,2023-08-01,0.0,0,0,0.0,52.3,25.0,5G,North,4
USG000347,SUB000347,2025-09-01,2.13,114,121,0.0,95.7,50.0,Fiber,East,5
USG000348,SUB000348,2025-08-01,372.35,0,0,0.0,61.9,119.2,5G,North,5
USG000349,SUB000349,2023-12-01,201.36,32,52,0.0,53.9,25.0,5G,North,2
USG000350,SUB000350,2023-10-01,267.82,87,207,0.0,58.5,1000.0,Fiber,Central,5
USG000351,SUB000351,2021-08-01,79.45,27,113,0.0,61.6,200.0,4G,South,2
USG000352,SUB000352,2025-01-01,263.75,43,0,0.0,44.8,500.0,4G,East,2
USG000353,SUB000353,2025-07-01,197.58,17,0,0.0,27.2,300.0,Fiber,North,4
USG000354,SUB000354,2021-05-01,167.02,152,185,0.0,21.7,500.0,Fiber,West,4
USG000355,SUB000355,2023-10-01,179.38,232,274,0.0,54.5,1.0,5G,North,1
USG000356,SUB000356,2025-01-01,90.23,172,6,0.0,58.0,100.0,Fiber,West,4
USG000357,SUB000357,2022-11-01,46.37,79,3,0.0,50.4,10.0,5G,South,2
USG000358,SUB000358,2021-11-01,143.6,0,0,0.0,56.1,200.0,Fiber,West,1
USG000359,SUB000359,2025-01-01,294.01,0,49,0.0,84.3,50.0,5G,Central,3
USG000360,SUB000360,2023-07-01,264.25,0,30,0.0,45.2,1000.0,Fiber,West,1
USG000361,SUB000361,2022-10-01,198.24,0,235,0.0,43.0,200.0,Fiber,South,1
USG000362,SUB000362,2025-02-01,364.65,79,143,0.0,57.0,50.0,5G,South,3
USG000363,SUB000363,2023-10-01,172.3,45,63,0.0,66.2,500.0,4G,North,4
USG000364,SUB000364,2025-09-01,188.13,0,262,0.0,76.6,100.0,Fiber,West,4
USG000365,SUB000365,2025-01-01,82.08,158,0,0.0,37.7,300.0,5G,North,2
USG000366,SUB000366,2024-01-01,295.38,92,87,0.0,50.2,300.0,5G,South,5
USG000367,SUB000367,2023-11-01,60.1,57,128,0.0,96.4,1000.0,Fiber,North,4
USG000368,SUB000368,2025-08-01,293.91,0,0,0.0,58.8,100.0,4G,North,4
USG000369,SUB000369,2021-05-01,234.97,85,0,0.0,68.3,47.9,Fiber,South,4
USG000370,SUB000370,2022-11-01,134.26,20,91,0.0,52.4,15.8,Fiber,Central,5
USG000371,SUB000371,2023-04-01,59.43,30,0,108.86,56.2,10.0,Fiber,North,4
USG000372,SUB000372,2025-06-01,147.21,119,0,0.0,57.3,500.0,4G,North,4
USG000373,SUB000373,2021-04-01,204.64,163,108,0.0,67.9,45.2,4G,Central,3
USG000374,SUB000374,2022-12-01,0.0,27,143,0.0,75.4,300.0,5G,North,5
USG000375,SUB000375,2025-07-01,177.62,36,77,0.0,80.2,1.0,Fiber,Central,5
USG000376,SUB000376,2020-09-01,0.0,72,0,0.0,36.7,25.0,Fiber,West,5
USG000377,SUB000377,2025-09-01,0.0,0,61,0.0,82.2,300.0,4G,East,3
USG000378,SUB000378,2024-12-01,59.05,0,0,0.0,50.6,500.0,5G,Central,3
USG000379,SUB000379,2024-01-01,270.32,0,11,0.0,62.7,1000.0,4G,Central,4
USG000380,SUB000380,2024-05-01,0.0,68,0,0.0,36.3,7.2,5G,North,2
USG000381,SUB000381,2025-01-01,0.0,13,201,0.0,51.7,1000.0,4G,East,4
USG000382,SUB000382,2022-09-01,76.84,0,0,0.0,66.2,59.9,5G,South,2
USG000383,SUB000383,2025-06-01,31.83,42,0,0.0,39.0,300.0,Fiber,West,2
USG000384,SUB000384,2025-04-01,0.0,442,0,0.0,28.2,300.0,5G,East,3
USG000385,SUB000385,2023-07-01,223.12,0,87,0.0,43.9,300.0,4G,West,1
USG000386,SUB000386,2025-10-01,0.0,55,136,0.0,68.8,6.9,4G,North,4
USG000387,SUB000387,2025-05-01,10.83,429,23,0.0,54.2,1000.0,Fiber,East,5
USG000388,SUB000388,2023-08-01,131.56,420,117,0.0,54.9,14.8,Fiber,Central,4
USG000389,SUB000389,2023-06-01,193.12,118,0,0.0,27.2,58.7,Fiber,South,5
USG000390,SUB000390,2023-02-01,26.08,313,50,32.16,37.5,100.0,4G,West,4
USG000391,SUB000391,2025-04-01,97.73,171,21,0.0,53.1,33.5,5G,East,2
USG000392,SUB000392,2025-10-01,30.98,239,7,0.0,38.9,83.3,Fiber,South,5
USG000393,SUB000393,2023-12-01,164.27,196,52,0.0,45.0,100.7,Fiber,South,4
USG000394,SUB000394,2025-06-01,0.0,345,22,0.0,48.3,1000.0,Fiber,North,5
USG000395,SUB000395,2025-09-01,55.26,0,46,90.52,39.0,300.0,5G,Central,4
USG000396,SUB000396,2025-05-01,313.15,62,0,0.0,63.7,25.0,Fiber,South,1
USG000397,SUB000397,2021-03-01,182.97,0,286,0.0,82.7,1000.0,5G,South,2
USG000398,SUB000398,2023-01-01,106.69,28,0,0.0,35.9,100.0,4G,North,4
USG000399,SUB000399,2021-09-01,51.22,0,32,62.44,52.3,100.0,4G,East,2
USG000400,SUB000400,2023-12-01,207.01,0,0,0.0,73.0,1000.0,5G,West,1
USG000401,SUB000401,2024-03-01,209.58,0,41,0.0,79.4,84.9,5G,North,1
USG000402,SUB000402,2023-05-01,13.44,0,276,0.0,69.1,100.0,4G,South,1
USG000403,SUB000403,2025-10-01,161.68,209,133,0.0,31.7,162.7,Fiber,North,4
USG000404,SUB000404,2022-06-01,95.92,208,103,0.0,21.8,1.0,5G,Central,3
USG000405,SUB000405,2023-02-01,62.23,184,0,84.46,47.6,300.0,4G,West,3
USG000406,SUB000406,2024-08-01,0.0,113,0,0.0,48.1,100.0,4G,Central,4
USG000407,SUB000407,2024-03-01,57.81,28,41,0.0,56.4,100.0,Fiber,North,5
USG000408,SUB000408,2024-03-01,0.0,72,14,0.0,54.6,100.0,5G,South,1
USG000409,SUB000409,2025-10-01,338.08,163,56,0.0,23.9,500.0,5G,North,1
USG000410,SUB000410,2025-06-01,193.45,39,219,0.0,62.9,200.0,5G,South,2
USG000411,SUB000411,2023-12-01,241.79,0,64,0.0,77.2,300.0,Fiber,South,2
USG000412,SUB000412,2025-01-01,62.98,54,45,0.0,24.0,100.0,5G,Central,2
USG000413,SUB000413,2024-12-01,36.52,0,0,0.0,25.6,1000.0,5G,South,3
USG000414,SUB000414,2025-10-01,438.52,159,0,0.0,45.8,25.0,Fiber,Central,1
USG000415,SUB000415,2022-05-01,244.28,75,98,0.0,46.0,40.1,Fiber,North,2
USG000416,SUB000416,2025-01-01,102.67,0,0,0.0,91.5,52.2,4G,West,2
USG000417,SUB000417,2024-04-01,40.57,23,26,0.0,76.8,300.0,4G,North,4
USG000418,SUB000418,2024-03-01,157.55,0,103,0.0,65.6,500.0,5G,West,5
USG000419,SUB000419,2025-04-01,56.2,106,35,0.0,58.3,300.0,5G,West,3
USG000420,SUB000420,2024-05-01,32.27,164,0,0.0,43.9,74.7,Fiber,West,4
USG000421,SUB000421,2023-01-01,146.71,142,37,0.0,76.1,500.0,5G,North,3
USG000422,SUB000422,2022-04-01,105.95,272,62,0.0,54.9,7.5,Fiber,West,5
USG000423,SUB000423,2024-05-01,277.86,293,0,0.0,54.3,41.1,5G,Central,5
USG000424,SUB000424,2021-08-01,184.47,235,263,0.0,74.7,1000.0,Fiber,West,3
USG000425,SUB000425,2023-07-01,353.54,0,61,0.0,15.7,500.0,5G,East,4
USG000426,SUB000426,2025-01-01,44.61,173,0,0.0,56.8,100.0,Fiber,North,5
USG000427,SUB000427,2023-04-01,165.4,192,293,0.0,53.0,200.0,5G,East,5
USG000428,SUB000428,2025-04-01,11.92,12,0,0.0,33.9,50.0,5G,South,4
USG000429,SUB000429,2024-10-01,227.71,0,0,0.0,43.6,1000.0,4G,South,3
USG000430,SUB000430,2023-02-01,5.63,117,144,0.0,45.9,50.0,5G,Central,1
USG000431,SUB000431,2024-12-01,150.87,194,235,0.0,49.0,77.0,5G,South,3
USG000432,SUB000432,2025-07-01,283.76,0,132,0.0,52.0,500.0,Fiber,West,5
USG000433,SUB000433,2025-10-01,62.39,443,66,104.78,80.1,10.0,5G,West,3
USG000434,SUB000434,2024-06-01,167.9,67,0,0.0,53.5,200.0,4G,North,3
USG000435,SUB000435,2025-10-01,215.13,156,53,0.0,62.7,300.0,Fiber,North,3
USG000436,SUB000436,2023-05-01,5.2,253,52,0.0,82.1,1000.0,4G,West,4
USG000437,SUB000437,2024-12-01,0.0,475,0,0.0,46.7,1000.0,4G,Central,3
USG000438,SUB000438,2023-01-01,336.34,0,0,0.0,41.0,300.0,5G,North,2
USG000439,SUB000439,2025-08-01,0.0,0,0,0.0,32.4,500.0,4G,South,2
USG000440,SUB000440,2024-08-01,289.75,83,0,0.0,68.9,1000.0,Fiber,North,1
USG000441,SUB000441,2023-10-01,0.0,55,0,0.0,41.0,100.0,4G,South,4
USG000442,SUB000442,2022-01-01,36.58,70,0,0.0,60.0,47.0,5G,East,3
USG000443,SUB000443,2020-05-01,227.08,0,0,414.16,50.2,50.0,Fiber,East,3
USG000444,SUB000444,2021-09-01,54.88,70,241,0.0,81.8,76.1,Fiber,East,4
USG000445,SUB000445,2023-10-01,186.89,0,0,0.0,36.8,500.0,Fiber,South,3
USG000446,SUB000446,2024-08-01,106.73,0,0,0.0,74.5,1000.0,4G,Central,1
USG000447,SUB000447,2025-09-01,287.56,0,25,0.0,65.5,100.0,4G,West,2
USG000448,SUB000448,2024-07-01,153.3,167,92,0.0,55.4,18.4,4G,West,1
USG000449,SUB000449,2021-11-01,55.93,205,185,0.0,44.7,500.0,5G,South,1
USG000450,SUB000450,2025-03-01,124.39,159,271,0.0,61.7,1000.0,5G,Central,3
USG000451,SUB000451,2021-04-01,427.93,90,169,0.0,42.3,100.0,5G,South,4
USG000452,SUB000452,2025-10-01,141.96,30,0,0.0,61.1,4.5,4G,North,3
USG000453,SUB000453,2025-05-01,48.63,299,106,0.0,82.6,1000.0,5G,East,1
USG000454,SUB000454,2025-09-01,50.63,150,79,0.0,61.6,500.0,5G,East,4
USG000455,SUB000455,2025-03-01,203.37,0,250,0.0,85.7,15.0,5G,East,1
USG000456,SUB000456,2022-08-01,410.72,165,24,0.0,25.8,14.5,5G,West,2
USG000457,SUB000457,2024-12-01,374.04,177,203,0.0,41.9,1000.0,Fiber,East,1
USG000458,SUB000458,2023-07-01,268.39,0,207,0.0,48.3,300.0,5G,South,5
USG000459,SUB000459,2025-06-01,14.56,367,0,0.0,52.6,100.0,5G,West,3
USG000460,SUB000460,2025-07-01,363.54,126,40,0.0,83.1,1000.0,4G,South,2
USG000461,SUB000461,2024-11-01,117.19,0,0,224.38,79.5,10.0,Fiber,West,3
USG000462,SUB000462,2025-10-01,138.99,0,186,0.0,54.9,300.0,Fiber,North,2
USG000463,SUB000463,2025-06-01,73.89,256,57,47.78,45.3,300.0,4G,East,2
USG000464,SUB000464,2023-04-01,0.0,0,0,0.0,63.0,500.0,4G,South,4
USG000465,SUB000465,2024-05-01,6.26,106,21,0.0,64.3,10.0,4G,West,4
USG000466,SUB000466,2022-06-01,0.0,191,218,0.0,75.5,1000.0,4G,East,4
USG000467,SUB000467,2023-12-01,80.71,160,0,151.42,39.0,10.0,Fiber,East,2
USG000468,SUB000468,2024-11-01,55.56,248,109,0.0,50.5,300.0,Fiber,Central,5
USG000469,SUB000469,2025-10-01,6.69,282,107,0.0,50.5,100.0,5G,South,4
USG000470,SUB000470,2024-05-01,122.3,38,10,0.0,61.6,100.0,5G,East,1
USG000471,SUB000471,2021-08-01,0.0,0,107,0.0,64.2,500.0,4G,North,4
USG000472,SUB000472,2022-05-01,164.52,274,21,0.0,79.9,19.3,4G,Central,2
USG000473,SUB000473,2023-06-01,0.0,0,0,0.0,56.7,500.0,5G,Central,2
USG000474,SUB000474,2025-09-01,155.06,11,66,0.0,57.9,100.0,Fiber,East,1
USG000475,SUB000475,2025-10-01,137.4,73,0,0.0,50.5,25.0,4G,North,2
USG000476,SUB000476,2021-10-01,122.23,0,103,0.0,80.1,200.0,4G,South,1
USG000477,SUB000477,2020-08-01,316.12,32,0,0.0,81.7,300.0,4G,East,3
USG000478,SUB000478,2021-08-01,216.57,93,0,393.14,87.2,50.0,Fiber,South,1
USG000479,SUB000479,2024-09-01,279.72,90,0,0.0,51.5,69.8,Fiber,Central,5
USG000480,SUB000480,2025-08-01,229.62,16,113,0.0,39.6,300.0,4G,North,3
USG000481,SUB000481,2023-11-01,0.0,198,172,0.0,87.2,100.0,Fiber,South,2
USG000482,SUB000482,2022-09-01,126.27,173,18,0.0,77.2,1000.0,4G,North,3
USG000483,SUB000483,2024-04-01,296.31,126,0,0.0,49.2,64.5,Fiber,East,3
USG000484,SUB000484,2024-10-01,17.12,557,0,0.0,65.8,50.0,4G,North,5
USG000485,SUB000485,2025-02-01,404.59,8,1,0.0,48.4,100.0,4G,West,3
USG000486,SUB000486,2020-12-01,40.54,131,3,0.0,100.0,25.0,Fiber,South,4
USG000487,SUB000487,2024-12-01,0.0,198,0,0.0,80.0,100.0,4G,Central,2
USG000488,SUB000488,2025-10-01,316.32,0,0,0.0,10.2,50.0,5G,North,5
USG000489,SUB000489,2024-05-01,145.48,0,0,0.0,71.5,500.0,4G,North,1
USG000490,SUB000490,2021-12-01,28.09,0,148,0.0,64.5,118.6,Fiber,North,2
USG000491,SUB000491,2023-03-01,98.52,32,24,0.0,56.1,300.0,Fiber,West,4
USG000492,SUB000492,2024-09-01,112.08,96,178,0.0,54.1,1000.0,5G,North,4
USG000493,SUB000493,2025-01-01,119.3,0,80,0.0,71.1,500.0,5G,West,5
USG000494,SUB000494,2025-10-01,346.93,123,64,0.0,47.4,120.7,4G,East,3
USG000495,SUB000495,2022-05-01,0.0,79,165,0.0,64.2,1000.0,Fiber,South,4
USG000496,SUB000496,2025-07-01,149.51,4,192,0.0,72.0,300.0,5G,Central,4
USG000497,SUB000497,2024-10-01,55.19,0,152,0.0,53.5,300.0,4G,West,3
USG000498,SUB000498,2024-03-01,254.87,167,65,0.0,35.6,57.7,4G,East,1
USG000499,SUB000499,2024-05-01,136.51,47,0,263.02,27.0,10.0,Fiber,North,5
USG000500,SUB000500,2025-10-01,178.1,337,63,0.0,37.6,300.0,Fiber,West,1
USG000501,SUB000501,2022-10-01,0.0,224,40,0.0,44.5,50.0,4G,East,4
USG000502,SUB000502,2024-07-01,126.22,159,126,0.0,51.6,41.7,4G,North,5
USG000503,SUB000503,2023-10-01,120.98,38,15,0.0,81.0,300.0,Fiber,Central,5
USG000504,SUB000504,2024-05-01,173.56,36,96,0.0,59.2,43.5,4G,South,3
USG000505,SUB000505,2025-08-01,409.64,78,0,0.0,27.6,50.0,5G,South,3
USG000506,SUB000506,2024-01-01,177.6,332,21,0.0,53.5,36.0,Fiber,East,3
USG000507,SUB000507,2023-02-01,395.7,0,417,0.0,49.5,31.0,Fiber,Central,2
USG000508,SUB000508,2025-06-01,210.19,0,132,0.0,46.7,300.0,4G,West,4
USG000509,SUB000509,2024-06-01,85.85,23,63,0.0,67.9,500.0,Fiber,Central,5
USG000510,SUB000510,2025-03-01,131.95,176,267,0.0,53.5,100.0,4G,Central,4
USG000511,SUB000511,2022-05-01,16.1,465,145,12.2,50.0,50.0,5G,West,5
USG000512,SUB000512,2025-05-01,61.49,86,64,22.98,10.5,1000.0,5G,East,1
USG000513,SUB000513,2022-01-01,0.0,26,38,0.0,13.6,1000.0,4G,South,3
USG000514,SUB000514,2024-01-01,193.67,169,0,367.34,38.5,10.0,5G,North,5
USG000515,SUB000515,2024-09-01,18.03,192,0,16.06,32.1,10.0,4G,South,1
USG000516,SUB000516,2025-07-01,257.48,221,17,0.0,97.2,107.0,Fiber,North,2
USG000517,SUB000517,2023-10-01,0.0,224,77,0.0,64.4,100.0,4G,South,1
USG000518,SUB000518,2023-06-01,179.36,0,117,0.0,53.3,1000.0,4G,Central,2
USG000519,SUB000519,2023-07-01,175.36,53,0,0.0,58.4,25.0,Fiber,East,1
USG000520,SUB000520,2025-10-01,262.72,175,39,0.0,63.8,100.0,5G,West,1
USG000521,SUB000521,2023-10-01,0.0,86,14,0.0,31.9,1000.0,Fiber,South,4
USG000522,SUB000522,2025-10-01,18.43,0,0,0.0,67.6,33.3,5G,East,4
USG000523,SUB000523,2022-05-01,300.69,139,112,0.0,33.1,300.0,4G,East,4
USG000524,SUB000524,2024-09-01,144.1,20,0,0.0,60.8,81.3,Fiber,West,3
USG000525,SUB000525,2023-01-01,136.49,49,65,0.0,77.4,1000.0,Fiber,Central,4
USG000526,SUB000526,2023-07-01,15.86,23,0,0.0,81.6,19.4,Fiber,East,1
USG000527,SUB000527,2025-10-01,261.75,125,52,0.0,61.3,200.0,4G,East,4
USG000528,SUB000528,2025-08-01,339.67,110,84,0.0,57.7,1000.0,5G,West,2
USG000529,SUB000529,2025-07-01,360.34,207,0,0.0,65.2,500.0,4G,North,2
USG000530,SUB000530,2024-03-01,88.12,178,0,0.0,45.7,100.0,Fiber,South,1
USG000531,SUB000531,2020-07-01,226.91,0,0,0.0,49.2,50.0,4G,South,1
USG000532,SUB000532,2025-07-01,432.05,64,178,0.0,64.1,500.0,4G,North,4
USG000533,SUB000533,2023-07-01,0.0,443,92,0.0,69.1,10.0,5G,West,5
USG000534,SUB000534,2025-10-01,83.77,44,39,0.0,16.8,80.8,Fiber,Central,1
USG000535,SUB000535,2023-12-01,0.0,0,117,0.0,100.0,13.3,4G,West,5
USG000536,SUB000536,2025-02-01,23.48,166,51,36.96,87.4,50.0,4G,Central,5
USG000537,SUB000537,2025-01-01,0.0,0,0,0.0,86.1,25.0,4G,West,2
USG000538,SUB000538,2025-03-01,256.95,38,48,0.0,40.7,50.0,4G,West,1
USG000539,SUB000539,2023-08-01,90.62,82,0,81.24,100.0,100.0,Fiber,West,1
USG000540,SUB000540,2022-06-01,1.52,581,33,0.0,37.2,10.0,4G,Central,2
USG000541,SUB000541,2023-07-01,133.95,4,26,0.0,59.6,300.0,4G,Central,2
USG000542,SUB000542,2025-07-01,0.0,373,257,0.0,41.9,50.0,5G,Central,1
USG000543,SUB000543,2022-08-01,54.07,133,151,88.14,57.4,10.0,5G,East,3
USG000544,SUB000544,2022-07-01,0.0,131,0,0.0,87.0,1000.0,5G,West,3
USG000545,SUB000545,2020-11-01,0.0,138,171,0.0,69.8,1000.0,4G,East,3
USG000546,SUB000546,2023-04-01,113.55,126,154,0.0,50.7,29.4,4G,East,1
USG000547,SUB000547,2024-01-01,14.0,212,56,0.0,68.0,1000.0,4G,North,2
USG000548,SUB000548,2025-07-01,341.06,63,145,0.0,58.6,500.0,5G,South,1
USG000549,SUB000549,2024-02-01,482.75,18,70,0.0,81.6,1000.0,Fiber,South,1
USG000550,SUB000550,2024-12-01,0.0,0,76,0.0,65.1,80.6,Fiber,West,4
USG000551,SUB000551,2024-03-01,77.71,438,0,0.0,92.4,300.0,5G,South,4
USG000552,SUB000552,2021-02-01,129.88,50,69,0.0,55.4,44.1,4G,Central,2
USG000553,SUB000553,2024-01-01,230.14,237,0,0.0,56.9,100.0,4G,South,4
USG000554,SUB000554,2021-02-01,138.56,45,0,0.0,51.8,1.0,5G,South,1
USG000555,SUB000555,2022-09-01,244.92,204,0,0.0,90.6,38.8,Fiber,South,3
USG000556,SUB000556,2025-04-01,320.86,50,63,0.0,90.8,50.0,Fiber,North,1
USG000557,SUB000557,2025-04-01,90.72,168,258,0.0,78.6,10.0,Fiber,South,4
USG000558,SUB000558,2025-06-01,136.37,139,98,0.0,30.4,37.6,Fiber,West,3
USG000559,SUB000559,2025-01-01,75.94,220,160,0.0,55.0,1000.0,5G,Central,4
USG000560,SUB000560,2025-01-01,0.0,140,0,0.0,53.2,100.0,Fiber,East,5
USG000561,SUB000561,2023-12-01,1.59,235,21,0.0,47.8,50.0,4G,Central,2
USG000562,SUB000562,2021-11-01,250.8,122,112,0.0,28.8,500.0,5G,Central,4
USG000563,SUB000563,2023-01-01,0.0,138,0,0.0,45.5,500.0,4G,East,4
USG000564,SUB000564,2025-06-01,157.43,154,148,0.0,48.5,300.0,4G,South,3
USG000565,SUB000565,2025-04-01,285.51,6,219,0.0,36.8,500.0,Fiber,East,2
USG000566,SUB000566,2022-11-01,178.03,105,0,0.0,38.1,67.2,Fiber,East,2
USG000567,SUB000567,2025-09-01,193.3,14,114,0.0,61.6,1000.0,Fiber,North,3
USG000568,SUB000568,2025-04-01,154.45,179,93,0.0,90.1,74.0,Fiber,South,2
USG000569,SUB000569,2025-01-01,73.65,304,245,107.3,51.9,300.0,Fiber,South,1
USG000570,SUB000570,2024-11-01,247.33,266,82,0.0,74.0,100.0,4G,South,5
USG000571,SUB000571,2025-10-01,28.63,440,0,0.0,34.4,1000.0,Fiber,North,5
USG000572,SUB000572,2023-05-01,39.29,368,202,0.0,81.2,100.0,Fiber,South,4
USG000573,SUB000573,2025-06-01,215.47,0,100,0.0,60.1,300.0,4G,East,1
USG000574,SUB000574,2021-04-01,0.0,144,0,0.0,76.1,100.0,Fiber,Central,2
USG000575,SUB000575,2025-08-01,314.4,15,20,0.0,28.4,300.0,5G,South,3
USG000576,SUB000576,2021-10-01,380.99,59,0,721.98,89.3,50.0,4G,West,4
USG000577,SUB000577,2025-03-01,81.86,154,0,0.0,54.6,100.0,Fiber,South,2
USG000578,SUB000578,2023-11-01,0.0,0,339,0.0,44.8,100.0,5G,Central,4
USG000579,SUB000579,2022-09-01,181.73,82,26,0.0,100.0,500.0,Fiber,Central,2
USG000580,SUB000580,2025-07-01,0.0,189,67,0.0,61.6,15.9,4G,Central,1
USG000581,SUB000581,2025-07-01,14.69,0,220,0.0,49.0,100.0,4G,East,3
USG000582,SUB000582,2024-07-01,17.15,0,74,0.0,42.1,72.2,5G,West,2
USG000583,SUB000583,2023-08-01,355.3,0,97,0.0,47.4,50.9,5G,South,3
USG000584,SUB000584,2025-09-01,128.1,113,0,0.0,42.3,28.9,5G,South,1
USG000585,SUB000585,2025-08-01,0.0,171,37,0.0,62.4,300.0,4G,Central,5
USG000586,SUB000586,2024-03-01,261.8,0,42,0.0,78.8,100.0,5G,North,3
USG000587,SUB000587,2025-07-01,364.88,0,61,0.0,63.9,100.0,Fiber,East,2
USG000588,SUB000588,2025-08-01,238.98,145,166,0.0,82.4,12.2,5G,South,5
USG000589,SUB000589,2022-03-01,197.2,0,0,0.0,59.7,118.0,Fiber,Central,1
USG000590,SUB000590,2025-08-01,75.17,54,81,0.0,66.7,25.0,4G,North,4
USG000591,SUB000591,2025-05-01,362.78,83,131,0.0,50.0,300.0,4G,West,5
USG000592,SUB000592,2025-07-01,168.82,82,120,0.0,61.3,65.0,Fiber,West,5
USG000593,SUB000593,2024-02-01,282.69,0,0,0.0,74.7,300.0,5G,West,2
USG000594,SUB000594,2024-03-01,153.03,65,61,0.0,32.6,1.0,Fiber,West,2
USG000595,SUB000595,2023-10-01,154.81,142,102,0.0,56.0,78.1,4G,East,5
USG000596,SUB000596,2021-02-01,550.72,149,56,0.0,86.9,300.0,4G,West,4
USG000597,SUB000597,2025-10-01,117.43,38,45,0.0,22.5,300.0,5G,East,2
USG000598,SUB000598,2022-05-01,263.59,307,201,0.0,46.6,64.5,Fiber,Central,3
USG000599,SUB000599,2025-09-01,242.31,3,84,0.0,62.8,41.2,4G,North,4
USG000600,SUB000600,2025-10-01,124.31,213,69,0.0,43.8,500.0,4G,West,4
USG000601,SUB000601,2025-10-01,165.2,109,161,0.0,73.5,20.2,4G,West,2
USG000602,SUB000602,2023-09-01,329.2,0,123,0.0,100.0,50.0,5G,East,2
USG000603,SUB000603,2025-05-01,273.92,41,0,0.0,39.0,47.5,5G,South,1
USG000604,SUB000604,2025-01-01,10.13,0,47,0.0,63.1,300.0,4G,North,3
USG000605,SUB000605,2024-06-01,224.3,111,194,0.0,84.2,56.3,Fiber,North,1
USG000606,SUB000606,2023-06-01,45.06,207,0,0.0,43.2,156.2,Fiber,East,1
USG000607,SUB000607,2023-06-01,244.69,170,76,0.0,32.3,25.0,4G,South,1
USG000608,SUB000608,2024-08-01,23.56,900,88,0.0,42.0,300.0,5G,South,1
USG000609,SUB000609,2023-06-01,452.42,0,33,0.0,69.0,67.4,5G,Central,5
USG000610,SUB000610,2024-02-01,427.57,87,22,0.0,70.0,300.0,Fiber,South,1
USG000611,SUB000611,2025-10-01,243.38,0,98,0.0,16.1,300.0,5G,North,2
USG000612,SUB000612,2022-09-01,68.72,202,0,37.44,40.4,50.0,4G,Central,4
USG000613,SUB000613,2021-10-01,0.0,93,159,0.0,71.2,101.1,Fiber,Central,2
USG000614,SUB000614,2025-10-01,194.45,77,49,0.0,42.0,25.0,Fiber,West,1
USG000615,SUB000615,2023-05-01,130.98,199,31,0.0,89.7,21.3,5G,North,2
USG000616,SUB000616,2024-05-01,266.83,127,207,0.0,89.5,1000.0,5G,East,2
USG000617,SUB000617,2024-07-01,0.0,88,0,0.0,36.8,37.6,5G,South,4
USG000618,SUB000618,2025-05-01,76.47,0,34,0.0,59.0,1000.0,4G,North,2
USG000619,SUB000619,2025-06-01,0.0,43,0,0.0,73.1,62.1,Fiber,South,5
USG000620,SUB000620,2022-11-01,0.0,150,0,0.0,96.9,300.0,4G,West,5
USG000621,SUB000621,2025-09-01,30.91,0,0,0.0,74.7,300.0,Fiber,Central,4
USG000622,SUB000622,2024-03-01,64.32,95,29,0.0,83.0,300.0,5G,East,1
USG000623,SUB000623,2024-05-01,60.49,0,156,0.0,86.8,1000.0,4G,West,4
USG000624,SUB000624,2021-02-01,21.01,21,0,0.0,43.5,1.0,5G,West,1
USG000625,SUB000625,2023-03-01,259.91,0,0,0.0,37.3,500.0,5G,South,5
USG000626,SUB000626,2022-08-01,4.56,322,44,0.0,72.1,300.0,Fiber,North,2
USG000627,SUB000627,2024-12-01,412.89,0,258,0.0,70.7,23.4,4G,North,2
USG000628,SUB000628,2025-04-01,87.8,0,0,0.0,56.1,25.0,Fiber,East,2
USG000629,SUB000629,2025-04-01,161.88,108,86,0.0,26.9,74.8,4G,Central,1
USG000630,SUB000630,2024-02-01,23.06,486,0,6.12,69.0,50.0,Fiber,North,5
USG000631,SUB000631,2022-02-01,202.56,0,107,0.0,79.9,300.0,Fiber,East,4
USG000632,SUB000632,2023-08-01,368.28,0,0,0.0,44.5,200.0,5G,East,2
USG000633,SUB000633,2021-10-01,307.91,255,38,0.0,51.1,41.7,4G,Central,4
USG000634,SUB000634,2025-04-01,204.09,161,0,0.0,40.1,1000.0,4G,East,3
USG000635,SUB000635,2023-06-01,292.06,116,16,0.0,74.5,25.0,Fiber,East,1
USG000636,SUB000636,2024-08-01,174.49,0,0,0.0,39.9,200.0,4G,Central,3
USG000637,SUB000637,2021-04-01,180.19,0,0,0.0,68.2,300.0,4G,East,4
USG000638,SUB000638,2023-04-01,201.19,42,0,0.0,27.2,100.0,5G,Central,2
USG000639,SUB000639,2025-06-01,195.53,46,217,0.0,79.5,74.3,4G,Central,3
USG000640,SUB000640,2020-03-01,104.02,15,0,0.0,94.8,93.6,4G,South,1
USG000641,SUB000641,2023-09-01,0.0,67,0,0.0,70.0,500.0,4G,East,2
USG000642,SUB000642,2023-06-01,57.97,298,293,0.0,73.7,300.0,5G,West,5
USG000643,SUB000643,2023-05-01,132.23,0,58,164.46,73.1,1000.0,5G,East,5
USG000644,SUB000644,2024-03-01,205.58,191,365,0.0,47.1,300.0,5G,South,5
USG000645,SUB000645,2024-11-01,125.03,3,0,0.0,33.3,1.0,4G,East,5
USG000646,SUB000646,2023-04-01,271.52,15,0,0.0,75.2,100.0,5G,East,4
USG000647,SUB000647,2025-09-01,264.82,67,0,0.0,64.5,1000.0,5G,South,2
USG000648,SUB000648,2023-12-01,381.72,116,112,0.0,53.7,50.0,Fiber,North,4
USG000649,SUB000649,2023-06-01,131.81,42,0,0.0,37.7,1000.0,4G,East,4
USG000650,SUB000650,2025-10-01,130.14,0,32,0.0,53.4,500.0,5G,South,5
USG000651,SUB000651,2024-07-01,0.0,140,200,0.0,55.1,300.0,Fiber,East,3
USG000652,SUB000652,2024-08-01,259.23,0,81,0.0,56.8,200.0,5G,North,4
USG000653,SUB000653,2022-03-01,86.66,71,0,0.0,49.5,200.0,4G,South,3
USG000654,SUB000654,2023-12-01,31.09,218,0,22.18,27.7,300.0,4G,East,3
USG000655,SUB000655,2023-01-01,198.65,7,0,0.0,40.9,500.0,4G,East,5
USG000656,SUB000656,2021-11-01,239.6,93,113,0.0,42.1,200.0,Fiber,Central,4
USG000657,SUB000657,2025-03-01,0.0,110,131,0.0,28.8,1000.0,Fiber,Central,4
USG000658,SUB000658,2023-04-01,341.11,0,243,0.0,34.0,81.8,Fiber,East,4
USG000659,SUB000659,2025-08-01,46.79,162,218,0.0,83.4,50.0,4G,North,1
USG000660,SUB000660,2025-10-01,26.1,0,0,0.0,56.1,300.0,5G,North,4
USG000661,SUB000661,2025-09-01,0.0,18,49,0.0,80.8,100.0,5G,East,1
USG000662,SUB000662,2022-01-01,359.97,0,0,0.0,68.6,1000.0,Fiber,South,4
USG000663,SUB000663,2023-01-01,145.47,0,0,0.0,33.7,300.0,Fiber,East,5
USG000664,SUB000664,2025-04-01,331.31,0,0,0.0,73.7,100.0,Fiber,North,2
USG000665,SUB000665,2024-10-01,281.39,117,130,0.0,75.3,1000.0,4G,East,3
USG000666,SUB000666,2021-10-01,335.69,77,158,0.0,83.7,300.0,5G,South,1
USG000667,SUB000667,2023-07-01,199.98,74,0,0.0,61.9,50.0,Fiber,Central,2
USG000668,SUB000668,2023-02-01,81.91,352,316,0.0,58.1,300.0,Fiber,East,3
USG000669,SUB000669,2024-05-01,2.79,205,0,0.0,65.4,300.0,Fiber,East,3
USG000670,SUB000670,2024-06-01,85.75,98,137,0.0,74.5,200.0,5G,Central,4
USG000671,SUB000671,2021-06-01,125.43,182,103,0.0,57.8,100.0,5G,North,1
USG000672,SUB000672,2024-03-01,97.2,70,205,0.0,57.6,25.0,Fiber,North,4
USG000673,SUB000673,2024-07-01,167.95,7,65,0.0,45.8,1000.0,5G,East,1
USG000674,SUB000674,2023-10-01,73.1,0,0,0.0,64.7,1000.0,Fiber,Central,4
USG000675,SUB000675,2023-12-01,314.87,62,6,0.0,100.0,60.2,5G,East,1
USG000676,SUB000676,2022-05-01,260.2,0,0,0.0,48.5,100.0,Fiber,South,4
USG000677,SUB000677,2025-10-01,50.03,660,190,80.06,24.4,100.0,Fiber,South,1
USG000678,SUB000678,2023-09-01,67.83,45,56,0.0,62.2,300.0,4G,Central,2
USG000679,SUB000679,2025-10-01,250.09,0,0,0.0,78.1,52.8,5G,South,2
USG000680,SUB000680,2025-07-01,21.02,0,0,0.0,50.6,1000.0,Fiber,Central,3
USG000681,SUB000681,2025-04-01,42.39,56,82,0.0,45.9,100.0,4G,Central,5
USG000682,SUB000682,2025-05-01,210.91,91,63,0.0,58.1,500.0,Fiber,East,2
USG000683,SUB000683,2025-10-01,288.3,71,0,0.0,66.0,25.0,Fiber,North,5
USG000684,SUB000684,2022-04-01,0.0,305,90,0.0,45.8,1000.0,Fiber,Central,4
USG000685,SUB000685,2025-04-01,38.69,383,166,0.0,60.8,1000.0,5G,South,2
USG000686,SUB000686,2025-04-01,261.74,0,0,0.0,66.6,25.0,4G,East,3
USG000687,SUB000687,2024-09-01,82.12,136,188,0.0,24.5,100.0,5G,South,1
USG000688,SUB000688,2025-03-01,130.03,103,0,0.0,73.9,97.7,4G,East,3
USG000689,SUB000689,2025-02-01,331.98,0,0,0.0,72.9,43.9,5G,West,1
USG000690,SUB000690,2023-08-01,29.2,13,0,0.0,62.8,68.1,4G,East,2
USG000691,SUB000691,2025-01-01,275.3,24,0,0.0,51.1,300.0,Fiber,West,5
USG000692,SUB000692,2024-02-01,63.58,586,184,117.16,62.6,1000.0,4G,North,1
USG000693,SUB000693,2025-04-01,327.61,0,163,0.0,68.1,1.0,4G,North,3
USG000694,SUB000694,2025-02-01,34.82,436,75,59.64,75.6,10.0,Fiber,West,1
USG000695,SUB000695,2021-02-01,159.83,93,36,0.0,46.4,42.7,Fiber,North,2
USG000696,SUB000696,2021-10-01,122.46,0,113,0.0,58.9,1000.0,Fiber,Central,4
USG000697,SUB000697,2024-07-01,99.69,78,77,0.0,69.4,25.0,Fiber,West,5
USG000698,SUB000698,2025-04-01,0.0,20,164,0.0,68.9,33.5,4G,East,1
USG000699,SUB000699,2025-08-01,150.54,0,136,291.08,58.0,10.0,4G,South,3
USG000700,SUB000700,2024-07-01,67.2,193,0,0.0,27.5,300.0,5G,West,3
USG000701,SUB000701,2021-07-01,0.0,92,59,0.0,71.7,50.0,4G,South,2
USG000702,SUB000702,2025-04-01,193.47,110,86,0.0,47.5,25.0,4G,Central,3
USG000703,SUB000703,2024-11-01,134.52,222,0,0.0,70.3,50.0,4G,East,3
USG000704,SUB000704,2025-07-01,18.18,383,23,16.36,56.8,300.0,4G,South,3
USG000705,SUB000705,2024-04-01,308.63,21,0,0.0,83.8,1000.0,Fiber,South,5
USG000706,SUB000706,2024-08-01,229.08,229,26,0.0,58.1,125.8,Fiber,East,5
USG000707,SUB000707,2025-08-01,158.47,81,0,0.0,40.8,500.0,Fiber,South,1
USG000708,SUB000708,2025-09-01,253.64,188,68,0.0,21.7,25.0,5G,Central,5
USG000709,SUB000709,2020-12-01,145.93,251,0,0.0,0.0,26.2,5G,Central,1
USG000710,SUB000710,2024-08-01,110.82,93,190,0.0,87.3,200.0,4G,Central,3
USG000711,SUB000711,2022-10-01,16.55,0,0,0.0,68.8,77.1,5G,Central,1
USG000712,SUB000712,2022-10-01,448.46,15,64,876.92,60.1,10.0,4G,North,5
USG000713,SUB000713,2022-07-01,62.47,44,124,0.0,59.4,300.0,5G,North,2
USG000714,SUB000714,2025-10-01,318.43,135,46,0.0,56.3,1000.0,4G,South,4
USG000715,SUB000715,2022-02-01,128.87,94,0,0.0,73.9,100.0,Fiber,West,2
USG000716,SUB000716,2025-02-01,172.93,0,0,0.0,80.4,46.6,5G,East,4
USG000717,SUB000717,2024-11-01,66.38,173,87,122.76,37.5,50.0,5G,West,3
USG000718,SUB000718,2022-12-01,16.3,519,15,22.6,70.0,300.0,Fiber,North,3
USG000719,SUB000719,2022-03-01,32.24,259,236,0.0,67.1,1000.0,4G,Central,4
USG000720,SUB000720,2024-03-01,150.54,0,195,261.08,55.0,100.0,4G,East,2
USG000721,SUB000721,2025-01-01,309.41,77,0,0.0,53.6,50.0,4G,Central,4
USG000722,SUB000722,2025-04-01,149.01,163,200,0.0,50.0,100.0,5G,Central,2
USG000723,SUB000723,2025-02-01,159.14,208,197,0.0,31.1,500.0,5G,North,2
USG000724,SUB000724,2021-09-01,39.32,12,0,0.0,41.6,200.0,Fiber,Central,5
USG000725,SUB000725,2025-08-01,210.88,29,61,0.0,40.5,79.4,Fiber,North,3
USG000726,SUB000726,2025-07-01,99.2,44,59,0.0,65.9,52.6,Fiber,North,1
USG000727,SUB000727,2024-12-01,0.0,103,151,0.0,74.4,1.0,5G,West,5
USG000728,SUB000728,2023-08-01,152.29,80,163,0.0,57.0,1000.0,5G,South,1
USG000729,SUB000729,2025-05-01,91.48,0,333,0.0,59.9,1000.0,4G,Central,2
USG000730,SUB000730,2024-09-01,198.06,204,126,0.0,54.5,47.6,Fiber,South,3
USG000731,SUB000731,2022-12-01,216.77,49,101,0.0,35.6,300.0,5G,East,5
USG000732,SUB000732,2025-06-01,127.16,122,59,0.0,51.4,500.0,Fiber,West,3
USG000733,SUB000733,2022-10-01,44.96,358,0,79.92,71.7,1000.0,Fiber,East,2
USG000734,SUB000734,2024-12-01,208.82,0,127,0.0,40.0,100.0,Fiber,East,1
USG000735,SUB000735,2022-10-01,288.51,185,0,0.0,87.9,57.7,4G,South,3
USG000736,SUB000736,2024-10-01,114.04,0,113,0.0,53.4,500.0,Fiber,North,5
USG000737,SUB000737,2025-10-01,72.07,0,63,134.14,83.2,50.0,5G,Central,5
USG000738,SUB000738,2025-10-01,336.25,211,78,0.0,36.8,32.8,5G,Central,1
USG000739,SUB000739,2025-08-01,136.71,109,0,0.0,67.4,300.0,4G,Central,4
USG000740,SUB000740,2020-03-01,112.87,220,0,0.0,58.0,104.7,Fiber,West,1
USG000741,SUB000741,2024-09-01,210.79,73,32,0.0,40.5,100.0,5G,South,4
USG000742,SUB000742,2025-07-01,54.84,8,76,9.68,57.8,1000.0,Fiber,West,1
USG000743,SUB000743,2025-07-01,53.33,0,0,0.0,77.1,42.0,4G,West,4
USG000744,SUB000744,2020-04-01,235.89,102,181,0.0,64.3,300.0,Fiber,East,1
USG000745,SUB000745,2025-06-01,103.14,121,88,0.0,69.6,76.0,5G,South,2
USG000746,SUB000746,2021-09-01,162.33,0,55,0.0,80.3,500.0,4G,East,4
USG000747,SUB000747,2025-10-01,0.0,78,0,0.0,25.7,500.0,Fiber,West,3
USG000748,SUB000748,2023-08-01,57.63,220,37,0.0,63.5,50.0,Fiber,North,2
USG000749,SUB000749,2023-10-01,47.39,75,0,0.0,98.3,500.0,Fiber,West,5
USG000750,SUB000750,2024-02-01,0.0,88,0,0.0,64.2,200.0,Fiber,North,2
USG000751,SUB000751,2022-08-01,166.32,170,0,0.0,51.4,112.4,5G,South,4
USG000752,SUB000752,2023-07-01,457.37,0,137,0.0,42.2,74.2,Fiber,North,3
USG000753,SUB000753,2025-09-01,79.79,414,200,0.0,36.8,300.0,4G,North,2
USG000754,SUB000754,2023-06-01,41.12,211,140,0.0,24.7,1000.0,4G,South,4
USG000755,SUB000755,2025-04-01,40.47,133,50,0.0,45.7,42.4,5G,North,5
USG000756,SUB000756,2025-09-01,0.0,464,51,0.0,61.6,1000.0,4G,East,4
USG000757,SUB000757,2023-03-01,119.62,95,26,0.0,80.7,300.0,Fiber,North,4
USG000758,SUB000758,2024-09-01,171.32,31,0,0.0,71.2,300.0,4G,East,1
USG000759,SUB000759,2023-06-01,0.0,30,89,0.0,71.4,71.2,4G,East,3
USG000760,SUB000760,2025-05-01,30.38,53,93,40.76,33.7,10.0,5G,West,1
USG000761,SUB000761,2022-07-01,96.09,31,0,0.0,48.5,300.0,4G,East,1
USG000762,SUB000762,2025-07-01,106.68,0,0,0.0,43.1,500.0,4G,North,4
USG000763,SUB000763,2022-11-01,290.19,0,0,0.0,86.2,200.0,5G,South,2
USG000764,SUB000764,2024-04-01,0.0,267,243,0.0,37.5,50.0,Fiber,East,1
USG000765,SUB000765,2024-10-01,0.0,92,26,0.0,61.4,300.0,4G,West,3
USG000766,SUB000766,2025-08-01,326.54,71,136,613.08,63.8,50.0,Fiber,North,1
USG000767,SUB000767,2024-11-01,15.28,0,121,10.56,76.0,50.0,5G,Central,4
USG000768,SUB000768,2024-01-01,213.7,115,0,0.0,77.8,25.0,Fiber,North,5
USG000769,SUB000769,2025-10-01,423.35,46,263,0.0,33.4,500.0,Fiber,East,1
USG000770,SUB000770,2024-03-01,33.79,2,245,0.0,44.1,100.0,Fiber,West,5
USG000771,SUB000771,2023-06-01,27.08,179,0,0.0,64.8,49.1,Fiber,East,5
USG000772,SUB000772,2021-03-01,407.98,24,41,0.0,81.6,500.0,5G,West,5
USG000773,SUB000773,2023-09-01,287.58,0,20,0.0,83.7,200.0,Fiber,South,3
USG000774,SUB000774,2023-10-01,127.48,0,0,0.0,70.5,300.0,5G,South,4
USG000775,SUB000775,2024-11-01,262.36,0,62,0.0,88.5,1000.0,5G,East,3
USG000776,SUB000776,2024-09-01,89.84,311,142,0.0,31.9,10.0,5G,East,3
USG000777,SUB000777,2020-07-01,303.63,222,78,0.0,53.0,500.0,4G,South,5
USG000778,SUB000778,2024-06-01,71.96,48,0,0.0,47.2,200.0,5G,East,3
USG000779,SUB000779,2022-12-01,0.0,64,319,0.0,75.9,1000.0,Fiber,North,4
USG000780,SUB000780,2025-04-01,211.98,0,4,0.0,46.7,43.1,5G,Central,5
USG000781,SUB000781,2024-04-01,0.0,153,186,0.0,36.4,1000.0,4G,South,1
USG000782,SUB000782,2025-10-01,254.94,0,0,0.0,87.4,50.0,Fiber,North,3
USG000783,SUB000783,2024-10-01,80.9,645,0,141.8,67.6,300.0,5G,West,2
USG000784,SUB000784,2025-10-01,92.21,0,0,0.0,32.2,42.9,5G,North,2
USG000785,SUB000785,2024-08-01,86.17,22,291,0.0,65.2,1000.0,Fiber,East,1
USG000786,SUB000786,2024-02-01,212.01,44,18,0.0,45.3,100.0,4G,South,3
USG000787,SUB000787,2022-07-01,85.96,197,192,0.0,80.4,1000.0,4G,South,2
USG000788,SUB000788,2024-10-01,110.24,317,144,200.48,54.9,1000.0,Fiber,North,4
USG000789,SUB000789,2025-07-01,252.21,178,0,0.0,80.6,33.8,5G,West,1
USG000790,SUB000790,2024-09-01,0.0,58,0,0.0,75.2,1000.0,Fiber,West,4
USG000791,SUB000791,2023-12-01,100.37,43,0,0.0,26.5,100.0,5G,Central,2
USG000792,SUB000792,2023-11-01,214.04,201,0,0.0,63.9,90.5,4G,East,3
USG000793,SUB000793,2025-08-01,167.79,64,224,0.0,50.5,54.0,Fiber,East,5
USG000794,SUB000794,2024-09-01,28.01,505,107,16.02,2.9,100.0,4G,East,3
USG000795,SUB000795,2020-06-01,30.71,463,27,41.42,65.0,300.0,Fiber,West,3
USG000796,SUB000796,2025-07-01,112.19,486,52,204.38,84.6,1000.0,5G,South,4
USG000797,SUB000797,2023-04-01,95.98,0,0,0.0,64.2,200.0,Fiber,West,5
USG000798,SUB000798,2021-02-01,308.45,97,0,0.0,85.7,100.0,4G,South,1
USG000799,SUB000799,2024-05-01,127.33,141,127,0.0,56.2,36.1,Fiber,Central,5
USG000800,SUB000800,2025-09-01,176.56,197,14,0.0,84.7,200.0,4G,North,4
USG000801,SUB000801,2025-10-01,65.26,173,0,30.52,98.6,1000.0,Fiber,East,2
USG000802,SUB000802,2023-11-01,64.29,227,0,28.58,65.0,300.0,5G,South,1
USG000803,SUB000803,2025-07-01,293.65,34,41,0.0,49.1,15.3,4G,West,2
USG000804,SUB000804,2024-12-01,210.76,288,43,0.0,63.0,15.0,Fiber,North,2
USG000805,SUB000805,2024-12-01,429.19,52,113,0.0,85.7,11.7,Fiber,West,4
USG000806,SUB000806,2025-05-01,16.17,506,127,0.0,45.4,50.0,4G,East,5
USG000807,SUB000807,2023-04-01,54.0,162,45,0.0,64.5,1000.0,Fiber,South,4
USG000808,SUB000808,2024-05-01,88.59,53,195,0.0,47.8,300.0,5G,North,2
USG000809,SUB000809,2024-08-01,0.0,595,66,0.0,11.0,300.0,4G,South,1
USG000810,SUB000810,2023-11-01,0.0,256,143,0.0,70.4,1000.0,5G,West,3
USG000811,SUB000811,2025-10-01,360.75,32,0,0.0,87.6,25.0,5G,North,2
USG000812,SUB000812,2025-05-01,5.99,404,0,0.0,48.0,300.0,4G,East,2
USG000813,SUB000813,2021-08-01,65.92,0,163,0.0,50.5,100.0,4G,South,1
USG000814,SUB000814,2025-06-01,380.0,116,0,0.0,75.6,100.0,Fiber,West,3
USG000815,SUB000815,2025-05-01,64.01,23,0,0.0,59.2,200.0,Fiber,North,2
USG000816,SUB000816,2025-07-01,175.7,228,67,0.0,60.7,87.0,5G,South,4
USG000817,SUB000817,2020-07-01,14.76,342,0,0.0,44.4,100.0,Fiber,North,1
USG000818,SUB000818,2025-01-01,176.49,107,137,0.0,41.2,50.0,5G,South,1
USG000819,SUB000819,2024-11-01,142.11,86,72,0.0,49.1,300.0,5G,West,1
USG000820,SUB000820,2020-11-01,93.05,21,0,0.0,93.9,75.8,5G,East,4
USG000821,SUB000821,2025-01-01,237.06,0,171,0.0,33.8,500.0,4G,Central,3
USG000822,SUB000822,2024-11-01,78.57,0,75,0.0,74.2,1000.0,4G,Central,2
USG000823,SUB000823,2024-03-01,163.19,97,9,0.0,41.7,1000.0,5G,Central,2
USG000824,SUB000824,2023-10-01,275.69,156,94,0.0,48.0,49.3,5G,Central,2
USG000825,SUB000825,2025-10-01,92.02,130,92,174.04,74.4,50.0,4G,North,2
USG000826,SUB000826,2023-11-01,77.11,237,0,0.0,67.3,87.4,5G,East,1
USG000827,SUB000827,2025-01-01,372.41,36,0,0.0,57.3,25.0,Fiber,West,4
USG000828,SUB000828,2023-08-01,265.35,0,0,0.0,44.2,300.0,4G,East,3
USG000829,SUB000829,2023-08-01,295.8,81,201,0.0,52.3,100.0,4G,North,5
USG000830,SUB000830,2023-09-01,0.0,72,229,0.0,67.7,10.0,4G,Central,3
USG000831,SUB000831,2023-07-01,159.57,0,0,0.0,45.8,1000.0,4G,Central,5
USG000832,SUB000832,2024-10-01,9.67,0,76,0.0,82.4,300.0,Fiber,South,3
USG000833,SUB000833,2025-10-01,118.66,0,86,0.0,54.7,500.0,5G,South,2
USG000834,SUB000834,2022-07-01,0.0,35,313,0.0,73.8,100.0,Fiber,South,4
USG000835,SUB000835,2025-09-01,202.52,250,0,0.0,38.3,300.0,4G,North,4
USG000836,SUB000836,2022-06-01,83.86,0,134,0.0,47.8,1000.0,Fiber,Central,3
USG000837,SUB000837,2023-06-01,222.53,321,0,0.0,53.6,10.6,4G,West,1
USG000838,SUB000838,2021-03-01,84.4,265,38,148.8,69.5,10.0,5G,South,1
USG000839,SUB000839,2025-06-01,0.0,243,0,0.0,40.1,300.0,4G,Central,3
USG000840,SUB000840,2023-05-01,174.04,19,172,0.0,65.8,42.7,5G,North,5
USG000841,SUB000841,2025-05-01,112.58,148,0,0.0,57.7,1.0,Fiber,East,2
USG000842,SUB000842,2021-11-01,38.95,566,98,0.0,75.1,100.0,5G,East,2
USG000843,SUB000843,2023-06-01,115.49,136,0,0.0,62.8,86.6,5G,Central,4
USG000844,SUB000844,2025-02-01,50.31,73,0,80.62,100.0,1000.0,Fiber,North,4
USG000845,SUB000845,2024-03-01,62.03,0,111,0.0,42.7,300.0,4G,East,5
USG000846,SUB000846,2024-11-01,56.66,330,0,0.0,73.2,1000.0,5G,Central,1
USG000847,SUB000847,2022-07-01,0.0,168,0,0.0,39.3,10.0,4G,Central,4
USG000848,SUB000848,2021-06-01,206.17,148,0,0.0,67.0,1000.0,Fiber,South,5
USG000849,SUB000849,2024-01-01,182.04,12,86,0.0,44.8,1000.0,4G,Central,3
USG000850,SUB000850,2023-09-01,147.38,94,21,0.0,56.6,142.9,Fiber,South,3
USG000851,SUB000851,2025-10-01,111.96,0,113,0.0,58.1,500.0,4G,Central,3
USG000852,SUB000852,2025-05-01,32.82,151,0,0.0,20.5,43.6,4G,Central,3
USG000853,SUB000853,2024-05-01,0.0,295,0,0.0,45.1,50.0,4G,East,2
USG000854,SUB000854,2021-06-01,176.44,185,0,0.0,71.9,300.0,5G,Central,1
USG000855,SUB000855,2025-06-01,181.15,0,0,0.0,46.0,300.0,Fiber,South,1
USG000856,SUB000856,2024-03-01,122.6,9,95,0.0,41.5,6.4,Fiber,East,5
USG000857,SUB000857,2024-02-01,0.0,161,106,0.0,52.0,200.0,4G,West,1
USG000858,SUB000858,2020-06-01,361.03,0,34,0.0,41.0,200.0,5G,West,3
USG000859,SUB000859,2025-10-01,0.0,0,67,0.0,65.2,53.3,5G,East,1
USG000860,SUB000860,2025-04-01,213.64,0,126,0.0,30.4,300.0,5G,East,3
USG000861,SUB000861,2022-03-01,4.99,252,0,0.0,76.0,10.0,5G,North,2
USG000862,SUB000862,2020-10-01,150.87,0,52,0.0,53.7,15.2,5G,South,2
USG000863,SUB000863,2024-12-01,185.09,208,86,0.0,73.5,1.0,4G,Central,4
USG000864,SUB000864,2022-12-01,62.86,92,0,0.0,71.2,500.0,Fiber,South,5
USG000865,SUB000865,2021-01-01,63.22,84,0,0.0,65.8,200.0,4G,Central,5
USG000866,SUB000866,2025-07-01,83.72,0,31,0.0,53.4,16.6,5G,Central,1
USG000867,SUB000867,2024-08-01,31.54,115,411,0.0,51.0,28.5,Fiber,West,4
USG000868,SUB000868,2023-11-01,193.93,235,22,0.0,69.3,500.0,Fiber,West,4
USG000869,SUB000869,2020-11-01,0.0,0,139,0.0,62.5,10.0,5G,South,3
USG000870,SUB000870,2024-10-01,103.31,338,0,0.0,43.1,300.0,4G,East,2
USG000871,SUB000871,2025-03-01,38.0,123,0,56.0,39.9,300.0,4G,North,1
USG000872,SUB000872,2023-08-01,0.0,261,0,0.0,49.7,1000.0,5G,East,5
USG000873,SUB000873,2025-09-01,176.33,0,247,0.0,50.0,97.2,4G,East,5
USG000874,SUB000874,2023-06-01,415.87,97,307,0.0,91.5,1000.0,Fiber,Central,3
USG000875,SUB000875,2022-10-01,1.28,361,65,0.0,72.6,100.0,Fiber,West,4
USG000876,SUB000876,2024-03-01,86.77,572,75,153.54,68.7,300.0,5G,South,2
USG000877,SUB000877,2025-03-01,177.43,27,56,0.0,49.0,25.0,5G,East,3
USG000878,SUB000878,2023-04-01,453.73,151,0,0.0,77.4,300.0,4G,West,3
USG000879,SUB000879,2025-01-01,40.72,203,146,0.0,33.4,300.0,5G,East,4
USG000880,SUB000880,2025-03-01,194.84,61,132,0.0,91.3,1000.0,5G,West,1
USG000881,SUB000881,2024-10-01,157.26,0,27,0.0,59.6,1000.0,5G,Central,3
USG000882,SUB000882,2021-04-01,34.56,362,169,49.12,46.6,50.0,5G,South,4
USG000883,SUB000883,2025-05-01,51.05,0,0,0.0,59.1,100.0,5G,North,2
USG000884,SUB000884,2022-10-01,88.94,212,75,0.0,58.6,67.9,Fiber,North,1
USG000885,SUB000885,2022-12-01,238.2,311,172,0.0,62.0,300.0,5G,South,5
USG000886,SUB000886,2024-07-01,51.45,224,3,0.0,86.9,10.0,Fiber,North,3
USG000887,SUB000887,2025-10-01,313.39,58,0,0.0,51.4,500.0,Fiber,Central,3
USG000888,SUB000888,2022-11-01,99.15,0,0,0.0,55.7,48.3,4G,East,2
USG000889,SUB000889,2023-09-01,200.51,0,0,0.0,59.4,41.3,Fiber,East,5
USG000890,SUB000890,2024-06-01,115.73,103,0,0.0,28.7,50.0,5G,Central,2
USG000891,SUB000891,2024-07-01,68.33,356,259,116.66,44.4,50.0,4G,South,4
USG000892,SUB000892,2025-10-01,56.56,103,46,0.0,69.0,50.0,Fiber,Central,4
USG000893,SUB000893,2023-01-01,313.89,0,0,0.0,52.9,50.0,Fiber,West,5
USG000894,SUB000894,2024-12-01,23.32,537,0,0.0,83.4,1000.0,Fiber,South,1
USG000895,SUB000895,2025-01-01,37.98,333,0,0.0,79.4,1000.0,Fiber,West,5
USG000896,SUB000896,2025-10-01,105.82,77,144,0.0,50.4,500.0,5G,East,2
USG000897,SUB000897,2023-06-01,55.53,251,39,71.06,35.3,10.0,4G,Central,4
USG000898,SUB000898,2024-08-01,20.08,107,0,0.0,38.4,19.6,5G,Central,2
USG000899,SUB000899,2022-03-01,256.83,103,0,0.0,84.4,500.0,5G,West,5
USG000900,SUB000900,2023-03-01,190.56,117,67,0.0,76.2,100.0,5G,West,3
USG000901,SUB000901,2023-06-01,319.46,82,223,0.0,63.4,1000.0,4G,East,5
USG000902,SUB000902,2025-10-01,13.72,118,74,17.44,71.2,10.0,Fiber,Central,1
USG000903,SUB000903,2025-01-01,23.85,0,0,0.0,60.3,100.0,5G,West,2
USG000904,SUB000904,2021-09-01,168.68,12,0,0.0,58.2,63.7,5G,South,3
USG000905,SUB000905,2025-07-01,77.39,18,52,0.0,50.6,500.0,4G,North,4
USG000906,SUB000906,2025-10-01,296.2,47,0,0.0,52.7,300.0,4G,East,4
USG000907,SUB000907,2024-12-01,66.48,307,75,0.0,60.3,100.0,Fiber,East,2
USG000908,SUB000908,2025-10-01,116.47,292,244,0.0,74.3,1000.0,5G,West,1
USG000909,SUB000909,2025-02-01,217.66,0,21,0.0,63.1,39.7,4G,Central,5
USG000910,SUB000910,2024-07-01,27.67,207,231,35.34,11.6,1000.0,Fiber,North,2
USG000911,SUB000911,2021-12-01,35.79,208,124,0.0,64.2,300.0,Fiber,East,3
USG000912,SUB000912,2025-01-01,71.94,119,56,0.0,100.0,300.0,Fiber,North,4
USG000913,SUB000913,2022-08-01,236.1,206,165,0.0,79.9,500.0,Fiber,North,2
USG000914,SUB000914,2023-08-01,166.83,31,0,0.0,44.0,20.4,5G,Central,1
USG000915,SUB000915,2025-08-01,122.05,142,153,0.0,95.5,74.4,4G,South,2
USG000916,SUB000916,2020-07-01,100.48,137,31,0.0,53.4,76.4,Fiber,East,1
USG000917,SUB000917,2024-03-01,0.0,151,172,0.0,65.9,100.0,5G,East,5
USG000918,SUB000918,2023-06-01,169.44,0,0,0.0,80.8,500.0,Fiber,North,1
USG000919,SUB000919,2025-06-01,279.8,0,0,0.0,63.0,66.3,Fiber,West,3
USG000920,SUB000920,2023-09-01,62.21,200,51,114.42,97.1,300.0,4G,North,5
USG000921,SUB000921,2025-10-01,271.77,0,192,0.0,21.3,3.2,Fiber,West,2
USG000922,SUB000922,2023-03-01,119.4,26,0,0.0,31.8,77.7,5G,East,4
USG000923,SUB000923,2022-12-01,513.91,88,103,0.0,46.6,29.1,5G,East,3
USG000924,SUB000924,2024-01-01,174.89,242,1,0.0,57.8,72.5,4G,East,4
USG000925,SUB000925,2025-06-01,146.54,0,235,0.0,68.4,1000.0,Fiber,North,2
USG000926,SUB000926,2021-01-01,106.24,31,212,192.48,49.2,1000.0,5G,North,5
USG000927,SUB000927,2022-09-01,237.33,167,71,0.0,43.2,20.9,Fiber,South,3
USG000928,SUB000928,2025-10-01,256.93,74,0,0.0,27.4,50.0,5G,Central,5
USG000929,SUB000929,2023-07-01,38.29,187,0,36.58,84.9,10.0,Fiber,North,4
USG000930,SUB000930,2022-10-01,24.12,352,127,0.0,73.2,100.0,Fiber,East,2
USG000931,SUB000931,2025-09-01,277.18,0,168,0.0,63.8,200.0,Fiber,West,2
USG000932,SUB000932,2024-10-01,123.61,0,0,147.22,70.5,10.0,4G,West,3
USG000933,SUB000933,2021-07-01,176.53,133,275,0.0,68.9,500.0,Fiber,East,2
USG000934,SUB000934,2025-07-01,0.0,29,2,0.0,95.5,52.4,Fiber,East,1
USG000935,SUB000935,2023-12-01,31.45,418,115,0.0,50.0,100.0,5G,East,5
USG000936,SUB000936,2025-08-01,209.36,47,0,0.0,64.7,300.0,Fiber,West,1
USG000937,SUB000937,2023-05-01,193.79,387,0,0.0,78.3,23.4,5G,North,5
USG000938,SUB000938,2025-07-01,6.97,381,42,0.0,73.8,10.0,Fiber,South,5
USG000939,SUB000939,2025-06-01,0.0,208,41,0.0,88.9,1000.0,5G,Central,3
USG000940,SUB000940,2024-11-01,145.88,0,82,0.0,60.8,500.0,5G,Central,5
USG000941,SUB000941,2022-11-01,180.91,112,0,0.0,45.4,300.0,5G,South,3
USG000942,SUB000942,2024-03-01,200.56,0,50,0.0,48.5,50.0,Fiber,East,1
USG000943,SUB000943,2023-09-01,206.07,0,32,0.0,21.8,500.0,5G,Central,3
USG000944,SUB000944,2023-05-01,200.78,115,51,0.0,37.3,1.0,5G,Central,3
USG000945,SUB000945,2025-04-01,127.23,53,0,0.0,56.4,98.3,Fiber,West,2
USG000946,SUB000946,2025-08-01,0.0,307,188,0.0,72.0,10.0,5G,South,5
USG000947,SUB000947,2023-02-01,152.49,34,91,0.0,41.6,58.1,Fiber,East,3
USG000948,SUB000948,2023-10-01,201.29,78,0,0.0,57.7,100.0,5G,West,3
USG000949,SUB000949,2021-10-01,173.99,0,0,0.0,73.0,1000.0,Fiber,North,4
USG000950,SUB000950,2024-04-01,118.29,135,197,0.0,71.4,500.0,Fiber,East,4
USG000951,SUB000951,2024-10-01,211.1,0,0,322.2,92.1,1000.0,5G,Central,3
USG000952,SUB000952,2024-10-01,214.94,0,246,0.0,84.8,1000.0,Fiber,Central,3
USG000953,SUB000953,2024-11-01,35.88,97,341,0.0,47.1,51.2,4G,West,4
USG000954,SUB000954,2023-12-01,0.0,30,236,0.0,54.8,10.0,5G,South,1
USG000955,SUB000955,2023-06-01,149.19,42,226,0.0,55.3,1000.0,Fiber,South,1
USG000956,SUB000956,2023-07-01,277.19,111,0,0.0,75.1,1000.0,5G,West,3
USG000957,SUB000957,2023-05-01,0.0,199,21,0.0,41.2,137.3,5G,North,4
USG000958,SUB000958,2025-09-01,195.53,247,74,0.0,34.4,28.2,Fiber,North,1
USG000959,SUB000959,2025-10-01,0.0,54,160,0.0,37.8,1000.0,Fiber,West,2
USG000960,SUB000960,2023-11-01,0.0,213,309,0.0,62.0,1000.0,5G,West,4
USG000961,SUB000961,2024-05-01,203.76,112,107,0.0,53.5,200.0,4G,South,5
USG000962,SUB000962,2023-11-01,380.14,54,39,0.0,60.6,300.0,Fiber,West,4
USG000963,SUB000963,2023-12-01,40.45,87,89,0.0,69.0,56.3,4G,Central,4
USG000964,SUB000964,2025-03-01,180.67,0,189,0.0,63.8,100.0,5G,South,3
USG000965,SUB000965,2022-03-01,367.67,111,0,0.0,42.4,29.7,4G,Central,2
USG000966,SUB000966,2020-12-01,253.3,0,94,0.0,68.0,38.3,5G,East,2
USG000967,SUB000967,2024-11-01,48.04,382,43,76.08,51.4,300.0,5G,Central,3
USG000968,SUB000968,2025-09-01,333.4,147,212,0.0,59.3,25.0,5G,West,2
USG000969,SUB000969,2025-03-01,170.59,0,0,0.0,57.1,89.6,5G,West,5
USG000970,SUB000970,2023-10-01,281.37,144,0,0.0,84.8,100.0,5G,North,1
USG000971,SUB000971,2024-02-01,31.35,369,202,42.7,68.1,1000.0,4G,North,3
USG000972,SUB000972,2024-01-01,72.49,31,154,0.0,75.1,1000.0,Fiber,East,5
USG000973,SUB000973,2023-04-01,0.0,299,0,0.0,43.2,10.0,Fiber,South,3
USG000974,SUB000974,2025-09-01,167.82,0,34,0.0,77.1,50.0,5G,East,2
USG000975,SUB000975,2025-09-01,303.23,0,90,0.0,93.2,25.0,4G,East,1
USG000976,SUB000976,2021-06-01,45.06,299,67,0.0,62.6,300.0,5G,South,5
USG000977,SUB000977,2025-09-01,11.78,268,168,0.0,72.2,10.0,Fiber,Central,5
USG000978,SUB000978,2024-09-01,46.85,375,102,0.0,63.9,57.1,Fiber,Central,2
USG000979,SUB000979,2025-01-01,192.12,92,202,0.0,62.4,1000.0,Fiber,North,5
USG000980,SUB000980,2023-04-01,0.0,313,0,0.0,68.0,67.6,4G,South,3
USG000981,SUB000981,2025-04-01,169.4,17,77,0.0,52.5,36.3,4G,West,4
USG000982,SUB000982,2022-10-01,129.21,166,98,0.0,43.3,50.0,Fiber,Central,3
USG000983,SUB000983,2025-04-01,84.19,261,0,128.38,92.8,300.0,Fiber,East,4
USG000984,SUB000984,2025-08-01,222.62,79,8,0.0,28.3,20.9,Fiber,East,1
USG000985,SUB000985,2022-08-01,19.45,302,0,0.0,41.7,300.0,Fiber,Central,3
USG000986,SUB000986,2023-09-01,24.42,191,89,0.0,75.1,25.0,4G,East,4
USG000987,SUB000987,2024-06-01,193.12,54,0,0.0,22.7,300.0,Fiber,East,5
USG000988,SUB000988,2025-10-01,62.73,356,270,115.46,52.9,300.0,Fiber,East,5
USG000989,SUB000989,2024-11-01,45.7,156,106,0.0,80.9,85.4,4G,West,3
USG000990,SUB000990,2023-11-01,208.48,0,5,0.0,33.3,49.4,5G,South,4
USG000991,SUB000991,2024-01-01,219.35,2,133,0.0,60.6,500.0,Fiber,West,4
USG000992,SUB000992,2024-08-01,123.37,227,19,0.0,70.1,60.3,4G,Central,2
USG000993,SUB000993,2025-04-01,69.26,4,52,0.0,82.6,500.0,4G,South,1
USG000994,SUB000994,2025-06-01,153.65,138,0,0.0,61.4,1000.0,Fiber,North,3
USG000995,SUB000995,2024-08-01,0.0,0,314,0.0,46.8,300.0,4G,South,1
USG000996,SUB000996,2022-03-01,257.11,0,124,0.0,32.8,25.0,4G,Central,1
USG000997,SUB000997,2023-10-01,136.23,0,0,0.0,53.7,50.0,5G,East,5
USG000998,SUB000998,2025-09-01,183.61,151,0,0.0,49.2,500.0,4G,West,3
USG000999,SUB000999,2022-04-01,226.54,0,0,0.0,48.4,1000.0,4G,Central,3
USG001000,SUB001000,2025-06-01,265.71,27,0,0.0,40.9,500.0,Fiber,North,1
